{"stats":{"minecraft:dropped":{"easy_npc:easy_npc_wand":1,"create:super_glue":1,"zombie_extreme:rotten_apple":3,"tacz:target":1,"apocalypsenow:cellphone":1,"decocraft:plates_fancy":1,"alexsmobs:animal_dictionary":1,"minecraft:cobbled_deepslate":128,"minecraft:rotten_flesh":11,"mekanism:raw_tin":11,"thingamajigs:hospital_cover":1,"easy_npc:humanoid_slim_spawn_egg":2,"apocalypsenow:human_flesh":3,"minecraft:wheat_seeds":2,"minecraft:cobblestone":64,"minecraft:polished_blackstone_button":5,"tacz:gun_smith_table":1,"sereneseasons:season_sensor":1,"mcwlights:white_paper_lamp":1,"tacz:modern_kinetic_gun":3,"modernlife:flashlight":1,"minecraft:redstone":18,"alexsmobs:maggot":4,"minecraft:player_head":3,"minecraft:raw_iron":7,"minecraft:light":1,"mutantmonsters:mutant_skeleton_limb":2,"modernlife:canvas":2},"minecraft:mined":{"minecraft:light_blue_stained_glass":2,"minecraft:blue_stained_glass_pane":2,"minecraft:infested_stone_bricks":1,"minecraft:gravel":52},"minecraft:killed_by":{"player_mobs:player_mob":3,"zombie_extreme:demolisher":1,"minecraft:zombie":4,"apocalypsenow:runner_50":1,"zombie_extreme:infected_hazmat":1},"minecraft:used":{"zombie_extreme:sand_bag":2,"minecraft:stone":186,"minecraft:iron_sword":10,"minecraft:zombie_spawn_egg":162,"minecraft:player_head":1,"minecraft:rotten_flesh":1,"iammusicplayer:boombox":6,"horror_element_mod:blood_8":2,"mcwlights:wall_lamp":4,"easy_npc:humanoid_spawn_egg":28,"thingamajigs:general_hazard":2,"mcwlights:dark_oak_ceiling_fan_light":45,"horror_element_mod:blood_6":4,"apocalypsenow:hospital_door":2,"zombie_extreme:spotlight":5,"minecraft:netherite_shovel":39,"thingamajigs:blueytosh_laptop":5,"minecraft:villager_spawn_egg":45,"neoncraft2:wallneon_letter_l_red":5,"minecraft:stone_bricks":640,"minecraft:bedrock":11,"carryon:tile_item":2,"minecraft:exposed_cut_copper_slab":3,"zombie_extreme:iron_table":2,"zombie_extreme:night_vision_glasses_helmet":1,"horror_element_mod:blood_9":1,"thingamajigs:broken_computer":1,"horror_element_mod:blood_5":2,"securitycraft:alarm":5,"horror_element_mod:blood_1":1,"easy_npc:easy_npc_wand":2,"thingamajigs:straight_horizontal_pole":5,"thingamajigs:stop_sign":1,"dramaticdoors:tall_macaw_birch_bark_glass_door":2,"iammusicplayer:cassette_deck":1,"horror_element_mod:impaled_head":1,"zombie_extreme:demolisher_spawn_egg":3,"iammusicplayer:music_manager":3,"mcwroofs:gutter_middle_black":2,"dramaticdoors:tall_macaw_metal_warning_door":15,"thingamajigs:radiation_hazard":5,"create:ornate_iron_window":44,"mcwlights:square_wall_lamp":1,"minecraft:note_block":2,"tacz:target":3,"horror_element_mod:blood_2":1,"horror_element_mod:blood_4":4,"minecraft:lever":4,"sophisticatedbackpacks:backpack":1,"create:display_link":14,"zombie_extreme:radio_installation":4,"mcwlights:warped_ceiling_fan_light":9,"minecraft:barrier":16,"armourers_workshop:skin-library-global":1,"minecraft:stone_button":11,"thingamajigs:white_fan":2,"zombie_extreme:wooden_chair":4,"create:contraption_controls":17,"supplementaries:iron_gate":45,"connectedglass:borderless_glass_gray":6,"minecraft:deepslate":28,"connectedglass:borderless_glass_red":120,"modernlife:light_bulb":2,"thingamajigs:stone_table":8,"create:framed_glass_door":4,"minecraft:smooth_stone_slab":2,"minecraft:oak_boat":3,"sereneseasons:season_sensor":2,"neoncraft2:wallneon_letter_p_red":5,"horror_element_mod:blood_3":1,"apocalypsenow:gpnvg_18_helmet_helmet":1,"zombie_extreme:barbed_fence":35,"supplementaries:jar_boat":1,"decocraft:plates_fancy":2,"zombie_extreme:metal_fence":30,"connectedglass:borderless_glass_blue":286,"dramaticdoors:tall_manyideas_iron_ship_door":4,"minecraft:jungle_leaves":16,"minecraft:iron_bars":254,"minecraft:flint_and_steel":40,"minecraft:redstone":2,"dramaticdoors:tall_ash_door":2,"zombie_extreme:lamp":2,"tacz:gun_smith_table":6,"securitycraft:keypad_door_item":5,"mcwlights:white_paper_lamp":9,"minecraft:structure_block":1,"thingamajigs:iv":4,"minecraft:torch":10,"minecraft:dirt":4,"create:andesite_door":18,"easy_npc:humanoid_slim_spawn_egg":9,"decocraft:single_bed_white_white":1,"connectedglass:borderless_glass_lime":16,"create:redstone_contact":108,"thingamajigs:us_outlet":1,"thingamajigs:road_cover":4,"neoncraft2:wallneon_letter_i_red":4,"thingamajigs:hospital_bed":7,"thingamajigs:heart_monitor":8,"apocalypsenow:glass_door":2,"minecraft:sea_lantern":2178,"thingamajigs:full_bulb":12,"minecraft:iron_block":32,"zombie_extreme:fridge":7,"carryon:entity_item":1,"easy_npc:orc_spawn_egg":1,"neoncraft2:wallneon_letter_o_red":11,"thingamajigs:hospital_computer":4,"minecraft:smooth_quartz":2186,"connectedglass:borderless_glass":183,"mcwlights:soul_warped_tiki_torch":2,"zombie_extreme:medicine_box":6,"create:creative_motor":60,"mcwlights:sea_lantern_slab":58,"zombie_extreme:plastic_fence":8,"securitycraft:sentry":20,"mekanism:industrial_alarm":1,"zombie_extreme:bear_trap":29,"thingamajigs:light_pole":6,"minecraft:stone_pressure_plate":4,"minecraft:cobbled_deepslate":1,"zombie_extreme:wire":32,"apocalypsenow:military_door":2,"decocraft:neon_lamp_wall_dog_and_cat":2,"zombie_extreme:concrete_fence":15,"dramaticdoors:tall_iron_door":8,"mcwlights:tavern_wall_lantern":12,"mcwbridges:iron_bridge":18,"create:train_door":2,"securitycraft:panic_button":5,"thingamajigs:hospital_cover":38,"thingamajigs:box_cam":2,"create:nixie_tube":4,"create:polished_cut_diorite":183,"minecraft:vine":68,"minecraft:oak_slab":12,"minecraft:tnt":588,"neoncraft2:wallneon_letter_m_red":5,"videoplayer:tv_block":3,"minecraft:infested_stone_bricks":1075,"neoncraft2:wallneon_letter_r_red":1,"minecraft:light":5,"thingamajigs:straight_pole":18,"hammers:enhanced_netherite_hammer":413,"dramaticdoors:tall_manyideas_iron_glass_door":2,"minecraft:stone_slab":150,"neoncraft2:wallneon_letter_c_red":1,"minecraft:cobblestone":116,"minecraft:potion":9,"thingamajigs:secure_cam":12,"mcwlights:classic_street_lamp":17,"thingamajigs:poison_hazard":5,"minecraft:bucket":9,"minecraft:polished_blackstone_button":28,"horror_element_mod:blood_7":3,"create:elevator_pulley":36,"apocalypsenow:u_sarmy_helmet":1,"securitycraft:glow_display_case":1},"minecraft:killed":{"zombie_extreme:night_hunter":6,"apocalypsenow:runner_49":2,"apocalypsenow:walker_26":31,"zombie_extreme:divided":2,"zombie_extreme:goon":1,"minecraft:chicken":1,"zombie_extreme:ram":2,"apocalypsenow:runner_41":3,"apocalypsenow:runner_42":10,"apocalypsenow:runner_46":3,"apocalypsenow:runner_45":17,"minecraft:silverfish":35,"alexsmobs:skelewag":1,"minecraft:pig":1,"minecraft:zombie_villager":2,"zombie_extreme:infected_hazmat":5,"mutantmonsters:mutant_skeleton":1,"apocalypsenow:runner_54":11,"zombie_extreme:bomber":2,"zombie_extreme:chainsaw":4,"apocalypsenow:horde_3":1,"minecraft:trader_llama":2,"minecraft:zombie":279,"apocalypsenow:walker_13":6,"apocalypsenow:walker_12":9,"apocalypsenow:runner_43":8,"apocalypsenow:runner_44":1,"zombie_extreme:infected_police":2,"alexsmobs:fly":1,"zombie_extreme:fetus":2,"apocalypsenow:runner_55":2,"minecraft:blaze":90,"hordes:zombie_player":1,"apocalypsenow:walker_19":14,"apocalypsenow:military_01":2,"apocalypsenow:looter_1":16,"apocalypsenow:runner_37":3,"apocalypsenow:military_02":2,"alexsmobs:seagull":1,"apocalypsenow:runner_39":3,"apocalypsenow:runner_35":22,"zombie_extreme:demolisher":2,"apocalypsenow:walker_3":1,"apocalypsenow:horde_1":2,"apocalypsenow:walker_15":21,"apocalypsenow:walker_18":5,"apocalypsenow:runner_53":2,"minecraft:drowned":1,"apocalypsenow:runner_38":4,"player_mobs:player_mob":22,"zombie_extreme:runner":5,"apocalypsenow:runner_34":22,"apocalypsenow:hunter":1,"apocalypsenow:walker_30":1,"zombie_extreme:crawler":3,"apocalypsenow:walker_20":1,"zombie_extreme:boomer":7,"zombie_extreme:infected_military":5,"zombie_extreme:infected":9,"apocalypsenow:runner_40":2,"apocalypsenow:runner_52":2,"minecraft:wandering_trader":1,"apocalypsenow:runner_50":7,"zombie_extreme:military":2,"apocalypsenow:cannibal":1,"apocalypsenow:walker_27":2,"apocalypsenow:runner_48":6,"apocalypsenow:walker_17":5,"apocalypsenow:runner_47":1,"apocalypsenow:runner_36":8,"alexsmobs:crow":1,"zombie_extreme:assasin_black_ops":1,"apocalypsenow:runner_51":4,"minecraft:villager":7},"minecraft:custom":{"minecraft:open_barrel":5,"minecraft:leave_game":55,"minecraft:time_since_death":219301,"minecraft:sprint_one_cm":1600891,"minecraft:drop":54,"minecraft:play_time":1476932,"minecraft:deaths":17,"minecraft:jump":3409,"minecraft:walk_on_water_one_cm":10118,"minecraft:damage_dealt":2511,"minecraft:crouch_one_cm":39062,"minecraft:mob_kills":790,"minecraft:damage_dealt_resisted":543,"minecraft:climb_one_cm":24614,"minecraft:walk_one_cm":2972159,"minecraft:damage_dealt_absorbed":80,"minecraft:sneak_time":32338,"minecraft:walk_under_water_one_cm":63470,"minecraft:boat_one_cm":737,"minecraft:total_world_time":1554699,"minecraft:tune_noteblock":10,"minecraft:time_since_rest":219323,"minecraft:damage_taken":4654,"minecraft:swim_one_cm":18650,"minecraft:fly_one_cm":2503342,"minecraft:open_chest":6,"minecraft:fall_one_cm":31568},"minecraft:picked_up":{"minecraft:wooden_axe":1,"modernlife:canvas":2,"mekanism:raw_uranium":1,"apocalypsenow:italian_bersaglieri_army_helmet":1,"apocalypsenow:hazmat_suit_leggings":1,"apocalypsenow:un_armor_chestplate":1,"minecraft:raw_copper":19,"connectedglass:borderless_glass":1,"flashlight:flashlight":1,"apocalypsenow:juggernaut_leggings":1,"minecraft:gold_nugget":1,"minecraft:cobbled_deepslate":1017,"apocalypsenow:spec_ops_helmet":1,"thingamajigs:hospital_cover":1,"tacz:target":1,"immersive_melodies:triangle":1,"minecraft:iron_boots":1,"minecraft:spruce_pressure_plate":1,"mekanism:raw_tin":23,"minecraft:golden_chestplate":1,"apocalypsenow:juggernaut_chestplate":1,"minecraft:rotten_flesh":283,"zombie_extreme:rotten_apple":11,"minecraft:netherite_chestplate":1,"minecraft:blaze_rod":26,"iammusicplayer:boombox":6,"minecraft:cobblestone":2997,"minecraft:feather":2,"minecraft:flint":6,"create:raw_zinc":6,"minecraft:tuff":36,"minecraft:lapis_lazuli":2,"minecraft:dirt":77,"securitycraft:sentry":1,"minecraft:bone":15,"apocalypsenow:military_pilot_headset_chestplate":1,"apocalypsenow:human_flesh":37,"minecraft:wheat_seeds":2,"minecraft:raw_gold":1,"apocalypsenow:advanced_hazmat_suit_chestplate":1,"create:super_glue":1,"apocalypsenow:red_football_armor_helmet":1,"mcwlights:wall_lamp":1,"minecraft:diorite_wall":3,"apocalypsenow:black_motorcycle_helmet_helmet":1,"minecraft:diamond":4,"minecraft:netherite_helmet":1,"minecraft:polished_blackstone_button":17,"apocalypsenow:hunting_knife":1,"minecraft:emerald":1,"alexsmobs:maggot":4,"apocalypsenow:construction_helmet":1,"minecraft:chicken":1,"zombie_extreme:raw_tin":20,"apocalypsenow:u_sarmy_helmet":2,"minecraft:brick":2,"apocalypsenow:russian_army_leggings":1,"minecraft:iron_shovel":2,"apocalypsenow:ghilliesuit_chestplate":1,"apocalypsenow:construction_boots":1,"minecraft:player_head":2,"modernlife:flashlight":2,"minecraft:raw_iron":15,"hunting_delight:humanmeat":5,"minecraft:stone_button":3,"minecraft:redstone":42,"thingamajigs:full_bulb":1,"apocalypsenow:black_football_armor_chestplate":1,"apocalypsenow:rou_respirator_helmet":1,"apocalypsenow:black_football_armor_helmet":1,"securitycraft:keypad_door_item":1,"apocalypsenow:fire_figther_chestplate":1,"apocalypsenow:nurse_helmet":2,"minecraft:netherite_boots":1,"apocalypsenow:nurse_boots":1,"sereneseasons:season_sensor":1,"mutantmonsters:mutant_skeleton_limb":2,"apocalypsenow:mexican_army_boots":1,"zombie_extreme:raw_steel":18,"minecraft:stone_bricks":7,"minecraft:kelp":4,"minecraft:iron_ingot":12,"apocalypsenow:red_bikers_helmet":1,"apocalypsenow:fire_figther_helmet":1,"mcwlights:white_paper_lamp":2,"zombie_extreme:cloth":3,"minecraft:iron_sword":1,"connectedglass:borderless_glass_red":1,"minecraft:gravel":52,"hunting_delight:rot":1,"mekanism:raw_osmium":14,"create:creative_motor":11,"tacz:modern_kinetic_gun":5,"dramaticdoors:tall_iron_door":1,"minecraft:coal":22,"zombie_extreme:black_ops_magnetic_card":1}},"DataVersion":2975}