{"stats":{"minecraft:picked_up":{"modernlife:canvas":8,"minecraft:lead":2,"modernlife:birch_picnic_table":1,"apocalypsenow:medical_box":1,"minecraft:heavy_weighted_pressure_plate":5,"decocraft:plates_fancy":1,"minecraft:raw_copper":7,"minecraft:smooth_stone_slab":4,"minecraft:cobbled_deepslate":64,"minecraft:smooth_quartz":1,"minecraft:iron_nugget":1,"tacz:target":1,"minecraft:player_head":2,"minecraft:birch_sapling":1,"farmersdelight:cabbage_seeds":3,"hunting_delight:humanmeat":7,"farmersdelight:tomato_seeds":2,"modernlife:light_bulb":1,"minecraft:prismarine_crystals":3,"minecraft:rotten_flesh":90,"minecraft:beetroot_seeds":3,"farmersdelight:rope":12,"sophisticatedbackpacks:copper_backpack":1,"minecraft:cobblestone":320,"minecraft:rail":2,"minecraft:feather":1,"minecraft:leather":1,"minecraft:potato":1,"minecraft:flint":7,"create:raw_zinc":6,"fantasyfurniture:bone/skeleton/table_wide":1,"minecraft:netherite_leggings":1,"minecraft:name_tag":3,"minecraft:bone":6,"apocalypsenow:military_urban_chestplate":2,"minecraft:wheat_seeds":1,"apocalypsenow:human_flesh":7,"tacz:gun_smith_table":1,"minecraft:powered_rail":1,"easy_npc:easy_npc_wand":1,"modernlife:hot_water_heater":2,"zombie_extreme:military_cargo":1,"easy_npc:humanoid_slim_spawn_egg":1,"apocalypsenow:survivor_5_spawn_egg":1,"hunting_delight:rot":1,"immersive_melodies:piano":1,"tacz:modern_kinetic_gun":3,"iammusicplayer:antenna":1,"dramaticdoors:tall_iron_door":2,"minecraft:bread":1,"alexsmobs:maggot":2},"minecraft:custom":{"minecraft:mob_kills":41,"minecraft:damage_dealt_resisted":6,"minecraft:leave_game":27,"minecraft:time_since_death":61451,"minecraft:climb_one_cm":62316,"minecraft:sprint_one_cm":874995,"minecraft:walk_one_cm":3191985,"minecraft:drop":26,"minecraft:play_time":1009415,"minecraft:deaths":8,"minecraft:walk_under_water_one_cm":8470,"minecraft:sneak_time":4209,"minecraft:jump":3776,"minecraft:walk_on_water_one_cm":7500,"minecraft:total_world_time":1009415,"minecraft:interact_with_furnace":1,"minecraft:time_since_rest":61477,"minecraft:damage_taken":2550,"minecraft:damage_dealt":2227,"minecraft:swim_one_cm":3994,"minecraft:fly_one_cm":2041254,"minecraft:open_chest":1,"minecraft:crouch_one_cm":1557,"minecraft:fall_one_cm":5929},"minecraft:used":{"apocalypsenow:protection_grid":1,"fantasyfurniture:bone/skeleton/table_small":11,"decocraft:stuffed_creeper":2,"thingamajigs:old_pc":1,"decocraft:plates_fancy":5,"thingamajigs:operation_table":9,"zombie_extreme:parasite_spawn_egg":23,"zombie_extreme:crawler_spawn_egg":11,"minecraft:iron_bars":37,"decocraft:notebook_black":2,"neoncraft2:wallneon_number_2_red":2,"create:schematic_table":2,"zombie_extreme:infected_spawn_egg":18,"apocalypsenow:runner_39_spawn_egg":1,"minecraft:redstone":1,"decocraft:mixer_silver":2,"decocraft:stove":1,"tacz:gun_smith_table":5,"modernlife:hot_water_heater":4,"securitycraft:keypad_door_item":11,"decocraft:bottom_cabinet_corner_outer_2_white":2,"decocraft:table_lamp_black":3,"decocraft:middle_cabinet_white":3,"zombie_extreme:dead_body":6,"decocraft:chair_ingolf_ww":21,"supplementaries:safe":2,"modernlife:massive_mirror":1,"zombie_extreme:devastated_spawn_egg":8,"decocraft:toilet_paper_silver":5,"zombie_extreme:infected_juggernaut_spawn_egg":3,"easy_npc:humanoid_slim_spawn_egg":3,"apocalypsenow:corpsecloth":1,"decocraft:single_bed_white_white":30,"zombie_extreme:clicker_spawn_egg":8,"decocraft:monitor_1_black":1,"horror_element_mod:hospital_bed":5,"decocraft:filing_cabinet_ww":2,"decocraft:block_cabinet_2_white":4,"minecraft:cobblestone_wall":80,"zombie_extreme:boomer_spawn_egg":16,"apocalypsenow:mechanics_tool_chest":2,"farmersdelight:white_canvas_sign":26,"decocraft:couch_edge_white":1,"apocalypsenow:trash_bin":1,"neoncraft2:wallneon_number_4_red":1,"decocraft:locker_gray":2,"decocraft:beach_chair_white":14,"modernlife:printer":3,"minecraft:milk_bucket":1,"decocraft:drying_rack_silver":1,"thingamajigs:hospital_bed":13,"zombie_extreme:chainsaw_spawn_egg":2,"thingamajigs:fridge":1,"mcwlights:garden_light":5,"decocraft:book_stack_4":2,"thingamajigs:heart_monitor":23,"easy_npc:allay_spawn_egg":1,"zombie_extreme:infected_police_spawn_egg":5,"horror_element_mod:human_remains":2,"neoncraft2:wallneon_number_0_red":2,"zombie_extreme:spotlight":48,"minecraft:sea_lantern":409,"zombie_extreme:fetus_spawn_egg":4,"decocraft:top_cabinet_1_white":7,"apocalypsenow:survivor_5_spawn_egg":2,"decocraft:bathroom_unisex":1,"zombie_extreme:revived_spawn_egg":6,"zombie_extreme:infected_hazmat_spawn_egg":2,"zombie_extreme:fridge":2,"zombie_extreme:patient_zero_spawn_egg":10,"decocraft:mixer_black":3,"thingamajigs:hospital_computer":2,"decocraft:mexico":5,"decocraft:top_cabinet_corner_outer_white":5,"zombie_extreme:trash_bucket":2,"minecraft:smooth_quartz":3169,"horror_element_mod:hanging_corpse_1":1,"decocraft:table_1_spruce":2,"easy_npc:easy_npc_spawner":1,"zombie_extreme:goon_spawn_egg":7,"zombie_extreme:medicine_box":11,"minecraft:stone_brick_stairs":38,"minecraft:stone_bricks":1582,"decocraft:filing_cabinet_blw":1,"decocraft:towel_heater_silver":8,"decocraft:tv_large":1,"decocraft:table_lamp_tall_black":13,"apocalypsenow:iron_plate":2,"modernlife:acacia_coffee_table":5,"farmersdelight:cutting_board":2,"zombie_extreme:runner_spawn_egg":11,"minecraft:iron_trapdoor":3,"zombie_extreme:computer_monitor":1,"apocalypsenow:medical_box":5,"zombie_extreme:inflated_spawn_egg":9,"horror_element_mod:colonial_marine_body":3,"minecraft:stone_pressure_plate":4,"decocraft:rattan_chair_gray":5,"securitycraft:alarm":2,"decocraft:bottom_cabinet_corner_inner_white":1,"zombie_extreme:bomber_spawn_egg":2,"decocraft:dishwasher":1,"decocraft:chair_fun_gray":2,"zombie_extreme:infected_military_spawn_egg":3,"apocalypsenow:trashcan_1":1,"fantasyfurniture:bone/skeleton/table_wide":14,"dramaticdoors:tall_iron_door":17,"zombie_extreme:faceless_spawn_egg":6,"minecraft:water_bucket":35,"decocraft:toilet_2":1,"horror_element_mod:spiked_body":4,"chiselsandbits:pattern_scanner":1,"decocraft:toilet_1":3,"horror_element_mod:phished_head":2,"thingamajigs:stove_hood":1,"minecraft:oak_planks":12,"zombie_extreme:demolisher_spawn_egg":7,"decocraft:arch_mirror_black":6,"zombie_extreme:assasin_black_ops_spawn_egg":2,"securitycraft:panic_button":2,"thingamajigs:hospital_cover":31,"decocraft:lava_lamp_purple":2,"zombie_extreme:ram_spawn_egg":6,"decocraft:wooden_office_chair_blw":1,"zombie_extreme:tool_box":2,"decocraft:rectangular_mirror_black":10,"apocalypsenow:iron_locker":57,"decocraft:coffee_grinder":1,"horror_element_mod:beheaded_body":3,"thingamajigs:minigolf_flag":3,"decocraft:bedside_table_ww":12,"horror_element_mod:sliced_body":2,"supplementaries:flag_light_blue":4,"decocraft:kitchen_sink_silver":5,"neoncraft2:wallneon_number_3_red":2,"decocraft:chair_fun_white":1,"zombie_extreme:night_hunter_spawn_egg":6,"zombie_extreme:rat_king_spawn_egg":6,"modernlife:birch_picnic_table":8,"zombie_extreme:military_cargo":7,"modernlife:tile_light":2,"supplementaries:netherite_trapdoor":10,"videoplayer:tv_block":3,"horror_element_mod:german_officer_head":1,"minecraft:campfire":4,"decocraft:blender":3,"decocraft:floor_mixer_silver":1,"tacz:target":6,"thingamajigs:operation_tools":9,"decocraft:tall_book_stack_1":2,"decocraft:bottom_cabinet_corner_outer_1_white":2,"modernlife:photocopier":4,"decocraft:monitor_3_black":1,"decocraft:toilet_paper_black":3,"sophisticatedbackpacks:backpack":9,"apocalypsenow:cannibal_spawn_egg":13,"decocraft:wall_mixer_silver":24,"decocraft:bunk_bed_white_light_gray":2,"fantasyfurniture:decorations/paper_stack":4,"minecraft:heavy_weighted_pressure_plate":29,"horror_element_mod:hanging_corpse_2":5,"thingamajigs:toilet":6,"thingamajigs:love_couch":2,"decocraft:square_sink_black":6,"decocraft:day_bed_black_cyan":5,"decocraft:beach_umbrella_white":5,"decocraft:bottom_cabinet_island_white":5,"decocraft:round_mirror_black":3,"modernlife:light_switch":39,"modernlife:refrigerator":1,"thingamajigs:small_sink":4,"apocalypsenow:medical_storage":1,"zombie_extreme:divided_spawn_egg":7,"neoncraft2:wallneon_number_1_red":2,"decocraft:coat_stand_black":1,"zombie_extreme:trader_table":14,"decocraft:wooden_office_chair_ww":1,"fantasyfurniture:dunmer/bookshelf":1,"mutantmonsters:mutant_zombie_spawn_egg":2,"modernlife:toilet":1,"apocalypsenow:corpsesack":9,"decocraft:monitor_2_black":1,"minecraft:potion":1,"decocraft:table_1_oak":1,"modernlife:dual_monitor":1,"decocraft:hand_towel_bar_silver":6,"connectedglass:borderless_glass_red":2,"modernlife:light_bulb":37,"alexsmobs:spawn_egg_crow":91,"horror_element_mod:herobrine_head":3,"thingamajigs:stone_table":9,"minecraft:chain":1,"minecraft:smooth_stone_slab":74,"decocraft:cuckoo_clock":2,"decocraft:towel_bar_silver":4,"modernlife:canvas":5,"zombie_extreme:military_spawn_egg":1,"decocraft:doorbell_white":2,"fantasyfurniture:decorations/book_stack":15,"decocraft:chalkboard":3},"minecraft:killed":{"apocalypsenow:walker_19":3,"apocalypsenow:runner_35":3,"apocalypsenow:horde_2":1,"zombie_extreme:divided":1,"apocalypsenow:runner_42":1,"apocalypsenow:runner_45":2,"player_mobs:player_mob":1,"apocalypsenow:runner_34":5,"apocalypsenow:walker_30":1,"zombie_extreme:crawler":1,"apocalypsenow:runner_50":1,"apocalypsenow:walker_27":1,"minecraft:zombie":12,"apocalypsenow:runner_47":2,"apocalypsenow:runner_44":1,"zombie_extreme:infected_police":1,"zombie_extreme:devastated":1,"zombie_extreme:assasin_black_ops":1,"alexsmobs:crow":1},"minecraft:dropped":{"apocalypsenow:human_flesh":3,"minecraft:wheat_seeds":1,"minecraft:rail":2,"apocalypsenow:survivor_5_spawn_egg":1,"tacz:modern_kinetic_gun":1,"apocalypsenow:medical_box":1,"alexsmobs:maggot":2,"minecraft:player_head":1,"minecraft:rotten_flesh":9,"zombie_extreme:military_cargo":1,"fantasyfurniture:bone/skeleton/table_wide":1,"apocalypsenow:military_urban_chestplate":2,"minecraft:powered_rail":1},"minecraft:killed_by":{"apocalypsenow:runner_47":1,"zombie_extreme:runner":1,"apocalypsenow:cannibal":1,"player_mobs:player_mob":2,"minecraft:zombie":2}},"DataVersion":2975}