{"stats":{"minecraft:dropped":{"apocalypsenow:medical_box":1,"minecraft:rotten_flesh":1,"zombie_extreme:military_cargo":1,"fantasyfurniture:bone/skeleton/table_wide":1},"minecraft:picked_up":{"modernlife:canvas":6,"modernlife:birch_picnic_table":1,"apocalypsenow:medical_box":1,"minecraft:heavy_weighted_pressure_plate":5,"decocraft:plates_fancy":1,"minecraft:raw_copper":7,"minecraft:cobbled_deepslate":64,"tacz:target":1,"minecraft:player_head":1,"minecraft:smooth_quartz":1,"minecraft:birch_sapling":1,"farmersdelight:cabbage_seeds":3,"farmersdelight:tomato_seeds":2,"modernlife:light_bulb":1,"minecraft:prismarine_crystals":3,"minecraft:rotten_flesh":77,"minecraft:beetroot_seeds":3,"farmersdelight:rope":12,"sophisticatedbackpacks:copper_backpack":1,"minecraft:cobblestone":320,"minecraft:potato":1,"minecraft:flint":7,"create:raw_zinc":6,"fantasyfurniture:bone/skeleton/table_wide":1,"minecraft:netherite_leggings":1,"minecraft:name_tag":3,"minecraft:bone":1,"apocalypsenow:human_flesh":4,"tacz:gun_smith_table":1,"modernlife:hot_water_heater":2,"zombie_extreme:military_cargo":1,"hunting_delight:rot":1,"immersive_melodies:piano":1,"tacz:modern_kinetic_gun":1,"iammusicplayer:antenna":1,"dramaticdoors:tall_iron_door":2,"minecraft:bread":1},"minecraft:killed":{"apocalypsenow:walker_19":1,"apocalypsenow:runner_35":3,"apocalypsenow:horde_2":1,"zombie_extreme:divided":1,"apocalypsenow:runner_45":2,"player_mobs:player_mob":1,"apocalypsenow:runner_34":5,"apocalypsenow:runner_50":1,"minecraft:zombie":2,"apocalypsenow:runner_47":1,"apocalypsenow:runner_44":1,"zombie_extreme:devastated":1},"minecraft:used":{"apocalypsenow:protection_grid":1,"fantasyfurniture:bone/skeleton/table_small":11,"decocraft:stuffed_creeper":2,"thingamajigs:old_pc":1,"thingamajigs:operation_table":6,"decocraft:plates_fancy":5,"minecraft:iron_bars":37,"decocraft:notebook_black":2,"neoncraft2:wallneon_number_2_red":2,"create:schematic_table":2,"minecraft:redstone":1,"decocraft:mixer_silver":2,"decocraft:stove":1,"tacz:gun_smith_table":5,"modernlife:hot_water_heater":4,"securitycraft:keypad_door_item":11,"decocraft:bottom_cabinet_corner_outer_2_white":2,"decocraft:table_lamp_black":3,"decocraft:middle_cabinet_white":3,"zombie_extreme:dead_body":4,"decocraft:chair_ingolf_ww":21,"supplementaries:safe":2,"modernlife:massive_mirror":1,"decocraft:toilet_paper_silver":5,"decocraft:single_bed_white_white":30,"decocraft:monitor_1_black":1,"decocraft:filing_cabinet_ww":2,"decocraft:block_cabinet_2_white":4,"minecraft:cobblestone_wall":80,"horror_element_mod:hospital_bed":5,"apocalypsenow:mechanics_tool_chest":2,"apocalypsenow:corpsecloth":1,"farmersdelight:white_canvas_sign":26,"decocraft:couch_edge_white":1,"apocalypsenow:trash_bin":1,"neoncraft2:wallneon_number_4_red":1,"decocraft:locker_gray":2,"decocraft:beach_chair_white":14,"modernlife:printer":3,"decocraft:drying_rack_silver":1,"thingamajigs:hospital_bed":13,"thingamajigs:fridge":1,"thingamajigs:heart_monitor":23,"decocraft:book_stack_4":2,"neoncraft2:wallneon_number_0_red":2,"minecraft:sea_lantern":409,"zombie_extreme:spotlight":38,"decocraft:top_cabinet_1_white":7,"decocraft:bathroom_unisex":1,"zombie_extreme:fridge":2,"thingamajigs:hospital_computer":2,"decocraft:mexico":5,"decocraft:mixer_black":3,"decocraft:top_cabinet_corner_outer_white":5,"zombie_extreme:trash_bucket":2,"decocraft:table_1_spruce":2,"horror_element_mod:hanging_corpse_1":1,"minecraft:smooth_quartz":3169,"zombie_extreme:medicine_box":11,"minecraft:stone_brick_stairs":38,"minecraft:stone_bricks":1582,"decocraft:filing_cabinet_blw":1,"decocraft:towel_heater_silver":8,"decocraft:tv_large":1,"decocraft:table_lamp_tall_black":13,"apocalypsenow:iron_plate":2,"modernlife:acacia_coffee_table":5,"farmersdelight:cutting_board":2,"minecraft:iron_trapdoor":3,"zombie_extreme:computer_monitor":1,"apocalypsenow:medical_box":5,"minecraft:stone_pressure_plate":4,"decocraft:rattan_chair_gray":5,"securitycraft:alarm":2,"decocraft:bottom_cabinet_corner_inner_white":1,"decocraft:dishwasher":1,"decocraft:chair_fun_gray":2,"apocalypsenow:trashcan_1":1,"fantasyfurniture:bone/skeleton/table_wide":14,"dramaticdoors:tall_iron_door":17,"minecraft:water_bucket":35,"decocraft:toilet_2":1,"decocraft:toilet_1":3,"minecraft:oak_planks":12,"chiselsandbits:pattern_scanner":1,"thingamajigs:stove_hood":1,"decocraft:arch_mirror_black":6,"securitycraft:panic_button":2,"thingamajigs:hospital_cover":31,"decocraft:lava_lamp_purple":2,"decocraft:wooden_office_chair_blw":1,"zombie_extreme:tool_box":2,"decocraft:rectangular_mirror_black":10,"apocalypsenow:iron_locker":57,"decocraft:coffee_grinder":1,"thingamajigs:minigolf_flag":3,"decocraft:bedside_table_ww":12,"supplementaries:flag_light_blue":4,"decocraft:kitchen_sink_silver":5,"neoncraft2:wallneon_number_3_red":2,"decocraft:chair_fun_white":1,"modernlife:birch_picnic_table":8,"zombie_extreme:military_cargo":7,"modernlife:tile_light":2,"supplementaries:netherite_trapdoor":10,"minecraft:campfire":4,"decocraft:blender":3,"decocraft:floor_mixer_silver":1,"tacz:target":6,"thingamajigs:operation_tools":9,"decocraft:tall_book_stack_1":2,"modernlife:photocopier":4,"decocraft:bottom_cabinet_corner_outer_1_white":2,"decocraft:monitor_3_black":1,"decocraft:toilet_paper_black":3,"sophisticatedbackpacks:backpack":9,"decocraft:wall_mixer_silver":24,"decocraft:bunk_bed_white_light_gray":2,"fantasyfurniture:decorations/paper_stack":4,"minecraft:heavy_weighted_pressure_plate":29,"horror_element_mod:hanging_corpse_2":5,"thingamajigs:love_couch":2,"thingamajigs:toilet":6,"decocraft:square_sink_black":6,"decocraft:day_bed_black_cyan":5,"decocraft:beach_umbrella_white":5,"decocraft:bottom_cabinet_island_white":5,"decocraft:round_mirror_black":3,"modernlife:light_switch":39,"modernlife:refrigerator":1,"apocalypsenow:medical_storage":1,"thingamajigs:small_sink":4,"neoncraft2:wallneon_number_1_red":2,"zombie_extreme:trader_table":14,"decocraft:wooden_office_chair_ww":1,"decocraft:coat_stand_black":1,"fantasyfurniture:dunmer/bookshelf":1,"modernlife:toilet":1,"apocalypsenow:corpsesack":9,"decocraft:monitor_2_black":1,"modernlife:dual_monitor":1,"decocraft:table_1_oak":1,"decocraft:hand_towel_bar_silver":6,"connectedglass:borderless_glass_red":2,"modernlife:light_bulb":37,"thingamajigs:stone_table":9,"minecraft:chain":1,"minecraft:smooth_stone_slab":66,"modernlife:canvas":3,"decocraft:towel_bar_silver":4,"decocraft:cuckoo_clock":2,"decocraft:doorbell_white":2,"fantasyfurniture:decorations/book_stack":15,"decocraft:chalkboard":3},"minecraft:custom":{"minecraft:mob_kills":23,"minecraft:time_since_death":570480,"minecraft:leave_game":19,"minecraft:climb_one_cm":46542,"minecraft:sprint_one_cm":350947,"minecraft:walk_one_cm":2504800,"minecraft:drop":4,"minecraft:play_time":583502,"minecraft:deaths":1,"minecraft:walk_under_water_one_cm":2009,"minecraft:sneak_time":2310,"minecraft:jump":2146,"minecraft:walk_on_water_one_cm":5047,"minecraft:total_world_time":583502,"minecraft:time_since_rest":570511,"minecraft:damage_dealt":2128,"minecraft:swim_one_cm":720,"minecraft:fly_one_cm":655958,"minecraft:crouch_one_cm":341}},"DataVersion":2975}