{
  "securitycraft:recipes/securitycraft/universal_block_remover": {
    "criteria": {
      "has_iron": "2024-07-25 07:09:11 +0000"
    },
    "done": true
  },
  "securitycraft:recipes/securitycraft/reinforced_purple_stained_glass_pane_from_dye": {
    "criteria": {
      "has_glass": "2024-07-25 08:11:31 +0000"
    },
    "done": true
  },
  "create:recipes/create.base/blasting/zinc_ingot_from_raw_ore": {
    "criteria": {
      "has_item": "2024-07-25 11:13:49 +0000"
    },
    "done": true
  },
  "neoncraft2:recipes/wallneon_arrow_up_white_craft": {
    "criteria": {
      "has_ingredient": "2024-07-25 06:32:16 +0000"
    },
    "done": true
  },
  "minecraft:recipes/redstone/lever": {
    "criteria": {
      "has_cobblestone": "2024-07-25 07:19:55 +0000"
    },
    "done": true
  },
  "farmersdelight:recipes/farmersdelight/organic_compost_from_rotten_flesh": {
    "criteria": {
      "has_rotten_flesh": "2024-07-25 07:00:41 +0000"
    },
    "done": true
  },
  "decorative_blocks:recipes/decorative_blocks.general/birch_seat": {
    "criteria": {
      "has_plank": "2024-07-26 09:36:11 +0000"
    },
    "done": true
  },
  "minecraft:recipes/combat/iron_sword": {
    "criteria": {
      "has_iron_ingot": "2024-07-25 07:09:11 +0000"
    },
    "done": true
  },
  "connectedglass:recipes/connectedglass/borderless_glass_brown2": {
    "criteria": {
      "recipe_condition1": "2024-07-25 08:11:31 +0000"
    },
    "done": true
  },
  "minecraft:recipes/building_blocks/stone_bricks": {
    "criteria": {
      "has_stone": "2024-07-25 07:12:23 +0000"
    },
    "done": true
  },
  "create:recipes/create.palettes/cut_diorite_brick_stairs_from_stone_types_diorite_stonecutting": {
    "criteria": {
      "has_stone_types_diorite": "2024-07-25 07:55:19 +0000"
    },
    "done": true
  },
  "minecraft:recipes/building_blocks/polished_deepslate": {
    "criteria": {
      "has_cobbled_deepslate": "2024-07-25 11:10:41 +0000"
    },
    "done": true
  },
  "create:recipes/building_blocks/diorite_from_stone_types_diorite_stonecutting": {
    "criteria": {
      "has_stone_types_diorite": "2024-07-25 07:55:19 +0000"
    },
    "done": true
  },
  "minecraft:recipes/building_blocks/chiseled_deepslate_from_cobbled_deepslate_stonecutting": {
    "criteria": {
      "has_cobbled_deepslate": "2024-07-25 11:10:41 +0000"
    },
    "done": true
  },
  "create:recipes/create.base/crafting/logistics/powered_latch": {
    "criteria": {
      "has_item": "2024-07-25 09:01:45 +0000"
    },
    "done": true
  },
  "iammusicplayer:iammusicplayer/write_cassette_tape": {
    "criteria": {
      "write_cassette_tape": "2024-07-26 09:48:33 +0000"
    },
    "done": true
  },
  "securitycraft:recipes/securitycraft/sentry": {
    "criteria": {
      "has_iron": "2024-07-25 07:09:11 +0000"
    },
    "done": true
  },
  "minecraft:recipes/building_blocks/lime_concrete_powder": {
    "criteria": {
      "has_gravel": "2024-07-25 07:20:58 +0000"
    },
    "done": true
  },
  "minecraft:recipes/building_blocks/chiseled_stone_bricks": {
    "criteria": {
      "has_tag": "2024-07-25 07:13:27 +0000"
    },
    "done": true
  },
  "minecraft:recipes/tools/iron_pickaxe": {
    "criteria": {
      "has_iron_ingot": "2024-07-25 07:09:11 +0000"
    },
    "done": true
  },
  "create:recipes/create.palettes/polished_cut_diorite_wall_from_stone_types_diorite_stonecutting": {
    "criteria": {
      "has_stone_types_diorite": "2024-07-25 07:55:19 +0000"
    },
    "done": true
  },
  "minecraft:recipes/building_blocks/yellow_concrete_powder": {
    "criteria": {
      "has_gravel": "2024-07-25 07:20:58 +0000"
    },
    "done": true
  },
  "croptopia:recipes/chicken_and_dumplings": {
    "criteria": {
      "has_chicken": "2024-07-26 03:31:57 +0000"
    },
    "done": true
  },
  "minecraft:recipes/decorations/crafting_table": {
    "criteria": {
      "has_planks": "2024-07-26 09:36:11 +0000"
    },
    "done": true
  },
  "create:super_glue": {
    "criteria": {
      "0": "2024-07-25 08:12:51 +0000"
    },
    "done": true
  },
  "securitycraft:recipes/securitycraft/reinforced_green_stained_glass": {
    "criteria": {
      "has_glass": "2024-07-25 08:11:31 +0000"
    },
    "done": true
  },
  "securitycraft:recipes/securitycraft/reinforced_red_stained_glass_pane_from_dye": {
    "criteria": {
      "has_glass": "2024-07-25 08:11:31 +0000"
    },
    "done": true
  },
  "mcwroofs:recipes/birch_planks": {
    "criteria": {
      "has_planks": "2024-07-26 09:36:11 +0000"
    },
    "done": true
  },
  "minecraft:recipes/decorations/chest": {
    "criteria": {
      "has_lots_of_items": "2024-07-25 07:05:15 +0000"
    },
    "done": true
  },
  "securitycraft:recipes/securitycraft/reinforced_redstone_lamp": {
    "criteria": {
      "has_redstone": "2024-07-25 09:01:45 +0000"
    },
    "done": true
  },
  "minecraft:recipes/building_blocks/chiseled_stone_bricks_stone_from_stonecutting": {
    "criteria": {
      "has_stone": "2024-07-25 07:12:23 +0000"
    },
    "done": true
  },
  "minecraft:recipes/building_blocks/cobbled_deepslate_slab": {
    "criteria": {
      "has_cobbled_deepslate": "2024-07-25 11:10:41 +0000"
    },
    "done": true
  },
  "securitycraft:recipes/securitycraft/reinforced_black_stained_glass_pane_from_dye": {
    "criteria": {
      "has_glass": "2024-07-25 08:11:31 +0000"
    },
    "done": true
  },
  "create:recipes/create.palettes/polished_cut_deepslate_from_stone_types_deepslate_stonecutting": {
    "criteria": {
      "has_stone_types_deepslate": "2024-07-25 11:10:45 +0000"
    },
    "done": true
  },
  "securitycraft:recipes/securitycraft/reinforced_orange_stained_glass": {
    "criteria": {
      "has_glass": "2024-07-25 08:11:31 +0000"
    },
    "done": true
  },
  "create:recipes/create.palettes/industrial_iron_block_from_ingots_iron_stonecutting": {
    "criteria": {
      "has_ingots_iron": "2024-07-25 07:09:11 +0000"
    },
    "done": true
  },
  "mcwfences:recipes/stone": {
    "criteria": {
      "has_stone": "2024-07-25 06:32:16 +0000"
    },
    "done": true
  },
  "minecraft:recipes/tools/shears": {
    "criteria": {
      "has_iron_ingot": "2024-07-25 07:09:11 +0000"
    },
    "done": true
  },
  "securitycraft:recipes/securitycraft/reinforced_orange_stained_glass_pane_from_glass": {
    "criteria": {
      "has_glass": "2024-07-25 08:11:31 +0000"
    },
    "done": true
  },
  "minecraft:recipes/misc/stick": {
    "criteria": {
      "has_planks": "2024-07-26 09:36:11 +0000"
    },
    "done": true
  },
  "minecraft:recipes/building_blocks/stone_brick_slab_from_stone_stonecutting": {
    "criteria": {
      "has_stone": "2024-07-25 07:12:23 +0000"
    },
    "done": true
  },
  "securitycraft:recipes/securitycraft/reinforced_light_blue_stained_glass": {
    "criteria": {
      "has_glass": "2024-07-25 08:11:31 +0000"
    },
    "done": true
  },
  "create:recipes/create.palettes/polished_cut_deepslate_stairs_from_stone_types_deepslate_stonecutting": {
    "criteria": {
      "has_stone_types_deepslate": "2024-07-25 11:10:45 +0000"
    },
    "done": true
  },
  "mcwfences:recipes/jungle": {
    "criteria": {
      "has_jungle": "2024-07-25 06:32:16 +0000"
    },
    "done": true
  },
  "minecraft:recipes/building_blocks/smooth_quartz_slab_from_smooth_quartz_stonecutting": {
    "criteria": {
      "has_smooth_quartz": "2024-07-25 11:36:47 +0000"
    },
    "done": true
  },
  "securitycraft:recipes/securitycraft/electrified_iron_fence": {
    "criteria": {
      "has_iron": "2024-07-25 07:09:11 +0000"
    },
    "done": true
  },
  "minecraft:recipes/building_blocks/emerald_block": {
    "criteria": {
      "has_emerald": "2024-07-25 07:21:19 +0000"
    },
    "done": true
  },
  "mcwfences:recipes/oak": {
    "criteria": {
      "has_oak": "2024-07-25 06:32:16 +0000"
    },
    "done": true
  },
  "minecraft:recipes/combat/iron_leggings": {
    "criteria": {
      "has_iron_ingot": "2024-07-25 07:09:11 +0000"
    },
    "done": true
  },
  "mcwfences:recipes/end": {
    "criteria": {
      "has_end_brick": "2024-07-25 06:32:16 +0000"
    },
    "done": true
  },
  "mutantmonsters:root": {
    "criteria": {
      "killed_something": "2024-07-25 06:51:18 +0000"
    },
    "done": true
  },
  "mcwbridges:recipes/cobblestone_bridge": {
    "criteria": {
      "has_planks": "2024-07-25 07:19:55 +0000"
    },
    "done": true
  },
  "minecraft:recipes/brewing/golden_carrot": {
    "criteria": {
      "has_gold_nugget": "2024-07-25 07:20:42 +0000"
    },
    "done": true
  },
  "minecraft:recipes/combat/shield": {
    "criteria": {
      "has_iron_ingot": "2024-07-25 07:09:11 +0000"
    },
    "done": true
  },
  "minecraft:recipes/building_blocks/cobblestone_slab": {
    "criteria": {
      "has_cobblestone": "2024-07-25 07:19:55 +0000"
    },
    "done": true
  },
  "create:recipes/create.palettes/polished_cut_diorite_stairs_from_stone_types_diorite_stonecutting": {
    "criteria": {
      "has_stone_types_diorite": "2024-07-25 07:55:19 +0000"
    },
    "done": true
  },
  "create:recipes/create.base/crafting/appliances/netherite_diving_boots_from_netherite": {
    "criteria": {
      "has_item": "2024-07-25 11:12:50 +0000"
    },
    "done": true
  },
  "create:recipes/create.palettes/cut_tuff_bricks_from_stone_types_tuff_stonecutting": {
    "criteria": {
      "has_stone_types_tuff": "2024-07-25 11:15:34 +0000"
    },
    "done": true
  },
  "securitycraft:recipes/securitycraft/reinforced_white_stained_glass_pane_from_glass": {
    "criteria": {
      "has_glass": "2024-07-25 08:11:31 +0000"
    },
    "done": true
  },
  "minecraft:recipes/food/dried_kelp_from_smoking": {
    "criteria": {
      "has_kelp": "2024-07-26 07:37:53 +0000"
    },
    "done": true
  },
  "minecraft:recipes/redstone/hopper": {
    "criteria": {
      "has_iron_ingot": "2024-07-25 07:09:11 +0000"
    },
    "done": true
  },
  "mcwlights:recipes/iron_stuff": {
    "criteria": {
      "has_wood": "2024-07-25 07:09:11 +0000"
    },
    "done": true
  },
  "minecraft:recipes/decorations/cobbled_deepslate_wall_from_cobbled_deepslate_stonecutting": {
    "criteria": {
      "has_cobbled_deepslate": "2024-07-25 11:10:41 +0000"
    },
    "done": true
  },
  "mcwbridges:recipes/iron_bridge": {
    "criteria": {
      "has_planks": "2024-07-25 07:09:11 +0000"
    },
    "done": true
  },
  "minecraft:recipes/building_blocks/coarse_dirt": {
    "criteria": {
      "has_gravel": "2024-07-25 07:20:58 +0000"
    },
    "done": true
  },
  "securitycraft:recipes/securitycraft/taser": {
    "criteria": {
      "has_redstone": "2024-07-25 09:01:45 +0000"
    },
    "done": true
  },
  "securitycraft:recipes/securitycraft/reinforced_red_stained_glass": {
    "criteria": {
      "has_glass": "2024-07-25 08:11:31 +0000"
    },
    "done": true
  },
  "minecraft:recipes/building_blocks/deepslate_tile_stairs_from_cobbled_deepslate_stonecutting": {
    "criteria": {
      "has_cobbled_deepslate": "2024-07-25 11:10:41 +0000"
    },
    "done": true
  },
  "minecraft:recipes/building_blocks/light_gray_concrete_powder": {
    "criteria": {
      "has_gravel": "2024-07-25 07:20:58 +0000"
    },
    "done": true
  },
  "securitycraft:recipes/securitycraft/reinforced_lime_stained_glass": {
    "criteria": {
      "has_glass": "2024-07-25 08:11:31 +0000"
    },
    "done": true
  },
  "create:recipes/create.palettes/cut_tuff_slab_from_stone_types_tuff_stonecutting": {
    "criteria": {
      "has_stone_types_tuff": "2024-07-25 11:15:34 +0000"
    },
    "done": true
  },
  "create:recipes/create.base/crafting/appliances/netherite_diving_helmet_from_netherite": {
    "criteria": {
      "has_item": "2024-07-25 11:12:47 +0000"
    },
    "done": true
  },
  "neoncraft2:recipes/wallneon_arrow_left_white_craft": {
    "criteria": {
      "has_ingredient": "2024-07-25 06:32:16 +0000"
    },
    "done": true
  },
  "minecraft:recipes/misc/gold_ingot_from_smelting_raw_gold": {
    "criteria": {
      "has_raw_gold": "2024-07-25 07:09:58 +0000"
    },
    "done": true
  },
  "croptopia:recipes/shaped_water_bottle": {
    "criteria": {
      "has_water": "2024-07-25 07:56:37 +0000"
    },
    "done": true
  },
  "chiselsandbits:recipes/chiselsandbits/chisel_iron": {
    "criteria": {
      "has_ingredient": "2024-07-25 07:09:11 +0000"
    },
    "done": true
  },
  "securitycraft:recipes/securitycraft/reinforced_blue_stained_glass_pane_from_glass": {
    "criteria": {
      "has_glass": "2024-07-25 08:11:31 +0000"
    },
    "done": true
  },
  "minecraft:recipes/building_blocks/pink_concrete_powder": {
    "criteria": {
      "has_gravel": "2024-07-25 07:20:58 +0000"
    },
    "done": true
  },
  "create:recipes/create.palettes/cut_diorite_from_stone_types_diorite_stonecutting": {
    "criteria": {
      "has_stone_types_diorite": "2024-07-25 07:55:19 +0000"
    },
    "done": true
  },
  "securitycraft:recipes/securitycraft/security_camera": {
    "criteria": {
      "has_iron": "2024-07-25 07:09:11 +0000"
    },
    "done": true
  },
  "securitycraft:recipes/securitycraft/door_indestructible_iron_item": {
    "criteria": {
      "has_iron": "2024-07-25 07:09:11 +0000"
    },
    "done": true
  },
  "incendium:technical/using/trailblazer": {
    "criteria": {
      "log_spam_fixer": "2024-07-25 06:32:17 +0000"
    },
    "done": false
  },
  "minecraft:recipes/building_blocks/stone_stairs_from_stone_stonecutting": {
    "criteria": {
      "has_stone": "2024-07-25 07:12:23 +0000"
    },
    "done": true
  },
  "securitycraft:recipes/securitycraft/reinforced_white_stained_glass_pane_from_dye": {
    "criteria": {
      "has_glass": "2024-07-25 08:11:31 +0000"
    },
    "done": true
  },
  "simpleplanes:recipes/plane": {
    "criteria": {
      "in_fire": "2024-07-26 00:26:54 +0000"
    },
    "done": true
  },
  "minecraft:recipes/decorations/iron_bars": {
    "criteria": {
      "has_iron_ingot": "2024-07-25 07:09:11 +0000"
    },
    "done": true
  },
  "incendium:technical/scroll_of_returning": {
    "criteria": {
      "log_spam_fixer": "2024-07-25 06:32:17 +0000"
    },
    "done": false
  },
  "minecraft:story/obtain_armor": {
    "criteria": {
      "iron_boots": "2024-07-25 07:05:15 +0000"
    },
    "done": true
  },
  "securitycraft:recipes/securitycraft/portable_radar": {
    "criteria": {
      "has_redstone": "2024-07-25 09:01:45 +0000"
    },
    "done": true
  },
  "create:recipes/create.palettes/cut_diorite_brick_wall_from_stone_types_diorite_stonecutting": {
    "criteria": {
      "has_stone_types_diorite": "2024-07-25 07:55:19 +0000"
    },
    "done": true
  },
  "create:recipes/create.base/smelting/zinc_ingot_from_raw_ore": {
    "criteria": {
      "has_item": "2024-07-25 11:13:49 +0000"
    },
    "done": true
  },
  "create:recipes/create.base/crafting/logistics/pulse_repeater": {
    "criteria": {
      "has_item": "2024-07-25 09:01:45 +0000"
    },
    "done": true
  },
  "minecraft:recipes/decorations/deepslate_brick_wall_from_cobbled_deepslate_stonecutting": {
    "criteria": {
      "has_cobbled_deepslate": "2024-07-25 11:10:41 +0000"
    },
    "done": true
  },
  "iammusicplayer:iammusicplayer/root": {
    "criteria": {
      "iammusicplayer": "2024-07-26 09:38:55 +0000"
    },
    "done": true
  },
  "minecraft:recipes/brewing/cauldron": {
    "criteria": {
      "has_water_bucket": "2024-07-25 07:56:37 +0000"
    },
    "done": true
  },
  "minecraft:recipes/decorations/armor_stand": {
    "criteria": {
      "has_stone_slab": "2024-07-25 10:02:30 +0000"
    },
    "done": true
  },
  "minecraft:recipes/combat/diamond_leggings": {
    "criteria": {
      "has_diamond": "2024-07-25 11:18:43 +0000"
    },
    "done": true
  },
  "chiselsandbits:recipes/chiselsandbits/chisel_netherite": {
    "criteria": {
      "has_rod": "2024-07-25 07:03:50 +0000"
    },
    "done": true
  },
  "minecraft:recipes/building_blocks/cobblestone_slab_from_cobblestone_stonecutting": {
    "criteria": {
      "has_cobblestone": "2024-07-25 07:19:55 +0000"
    },
    "done": true
  },
  "minecraft:recipes/food/dried_kelp_from_smelting": {
    "criteria": {
      "has_kelp": "2024-07-26 07:37:53 +0000"
    },
    "done": true
  },
  "neoncraft2:recipes/neon_tube_craft": {
    "criteria": {
      "has_ingredient": "2024-07-25 06:32:16 +0000"
    },
    "done": true
  },
  "create:recipes/create.palettes/small_diorite_brick_wall_from_stone_types_diorite_stonecutting": {
    "criteria": {
      "has_stone_types_diorite": "2024-07-25 07:55:19 +0000"
    },
    "done": true
  },
  "securitycraft:recipes/securitycraft/reinforced_purple_stained_glass_pane_from_glass": {
    "criteria": {
      "has_glass": "2024-07-25 08:11:31 +0000"
    },
    "done": true
  },
  "iammusicplayer:iammusicplayer/listen_to_music": {
    "criteria": {
      "listen_to_music": "2024-07-26 09:48:49 +0000"
    },
    "done": true
  },
  "minecraft:recipes/transportation/acacia_boat": {
    "criteria": {
      "in_water": "2024-07-25 06:44:45 +0000"
    },
    "done": true
  },
  "minecraft:recipes/misc/copper_ingot_from_blasting_raw_copper": {
    "criteria": {
      "has_raw_copper": "2024-07-25 11:14:45 +0000"
    },
    "done": true
  },
  "minecraft:recipes/redstone/iron_trapdoor": {
    "criteria": {
      "has_iron_ingot": "2024-07-25 07:09:11 +0000"
    },
    "done": true
  },
  "create:recipes/create.palettes/layered_tuff_from_stone_types_tuff_stonecutting": {
    "criteria": {
      "has_stone_types_tuff": "2024-07-25 11:15:34 +0000"
    },
    "done": true
  },
  "minecraft:recipes/decorations/birch_sign": {
    "criteria": {
      "has_planks": "2024-07-26 09:36:11 +0000"
    },
    "done": true
  },
  "minecraft:recipes/building_blocks/smooth_quartz_slab": {
    "criteria": {
      "has_smooth_quartz": "2024-07-25 11:36:47 +0000"
    },
    "done": true
  },
  "minecraft:adventure/root": {
    "criteria": {
      "killed_something": "2024-07-25 06:51:18 +0000"
    },
    "done": true
  },
  "securitycraft:recipes/securitycraft/reinforced_magenta_stained_glass_pane_from_glass": {
    "criteria": {
      "has_glass": "2024-07-25 08:11:31 +0000"
    },
    "done": true
  },
  "mcwfences:recipes/bamboo": {
    "criteria": {
      "has_bamboo": "2024-07-25 06:32:16 +0000"
    },
    "done": true
  },
  "iammusicplayer:iammusicplayer/add_music": {
    "criteria": {
      "add_music": "2024-07-26 09:48:16 +0000"
    },
    "done": true
  },
  "securitycraft:recipes/securitycraft/storage_module": {
    "criteria": {
      "has_iron": "2024-07-25 07:09:11 +0000"
    },
    "done": true
  },
  "minecraft:recipes/building_blocks/white_concrete_powder": {
    "criteria": {
      "has_gravel": "2024-07-25 07:20:58 +0000"
    },
    "done": true
  },
  "minecraft:recipes/building_blocks/stone_brick_stairs_from_stone_stonecutting": {
    "criteria": {
      "has_stone": "2024-07-25 07:12:23 +0000"
    },
    "done": true
  },
  "minecraft:recipes/tools/diamond_pickaxe": {
    "criteria": {
      "has_diamond": "2024-07-25 11:18:43 +0000"
    },
    "done": true
  },
  "minecraft:adventure/kill_all_mobs": {
    "criteria": {
      "minecraft:blaze": "2024-07-25 07:03:14 +0000",
      "minecraft:silverfish": "2024-07-25 10:01:53 +0000",
      "minecraft:zombie": "2024-07-25 07:00:11 +0000",
      "minecraft:drowned": "2024-07-26 07:43:36 +0000",
      "minecraft:zombie_villager": "2024-07-25 10:44:53 +0000"
    },
    "done": false
  },
  "connectedglass:recipes/connectedglass/borderless_glass_light_gray2": {
    "criteria": {
      "recipe_condition1": "2024-07-25 08:11:31 +0000"
    },
    "done": true
  },
  "croptopia:recipes/croptopia.croptopia/frying_pan": {
    "criteria": {
      "has_iron": "2024-07-25 07:09:11 +0000"
    },
    "done": true
  },
  "incendium:technical/sentrys_wrath": {
    "criteria": {
      "log_spam_fixer": "2024-07-28 02:41:27 +0000"
    },
    "done": false
  },
  "farmersdelight:recipes/farmersdelight/cooking_pot": {
    "criteria": {
      "has_iron_ingot": "2024-07-25 07:09:11 +0000"
    },
    "done": true
  },
  "minecraft:recipes/redstone/redstone_block": {
    "criteria": {
      "has_redstone": "2024-07-25 09:01:45 +0000"
    },
    "done": true
  },
  "minecraft:recipes/building_blocks/polished_deepslate_from_cobbled_deepslate_stonecutting": {
    "criteria": {
      "has_cobbled_deepslate": "2024-07-25 11:10:41 +0000"
    },
    "done": true
  },
  "minecraft:recipes/decorations/stone_brick_wall": {
    "criteria": {
      "has_stone_bricks": "2024-07-25 07:13:27 +0000"
    },
    "done": true
  },
  "mcwbridges:recipes/cobblestone_bridge_stair": {
    "criteria": {
      "has_planks": "2024-07-25 07:19:55 +0000"
    },
    "done": true
  },
  "minecraft:recipes/decorations/fletching_table": {
    "criteria": {
      "has_flint": "2024-07-25 11:14:40 +0000"
    },
    "done": true
  },
  "minecraft:recipes/food/cooked_chicken_from_campfire_cooking": {
    "criteria": {
      "has_chicken": "2024-07-26 03:31:57 +0000"
    },
    "done": true
  },
  "securitycraft:recipes/securitycraft/reinforced_cyan_stained_glass_pane_from_dye": {
    "criteria": {
      "has_glass": "2024-07-25 08:11:31 +0000"
    },
    "done": true
  },
  "minecraft:recipes/misc/iron_nugget_from_smelting": {
    "criteria": {
      "has_iron_boots": "2024-07-25 07:05:15 +0000"
    },
    "done": true
  },
  "connectedglass:recipes/connectedglass/borderless_glass_white2": {
    "criteria": {
      "recipe_condition1": "2024-07-25 08:11:31 +0000"
    },
    "done": true
  },
  "minecraft:recipes/building_blocks/polished_deepslate_slab_from_cobbled_deepslate_stonecutting": {
    "criteria": {
      "has_cobbled_deepslate": "2024-07-25 11:10:41 +0000"
    },
    "done": true
  },
  "mcwbridges:recipes/balustrade_cobblestone_bridge": {
    "criteria": {
      "has_planks": "2024-07-25 07:19:55 +0000"
    },
    "done": true
  },
  "create:recipes/create.palettes/polished_cut_diorite_slab": {
    "criteria": {
      "has_polished_cut_diorite": "2024-07-25 07:55:19 +0000"
    },
    "done": true
  },
  "chiselsandbits:recipes/chiselsandbits/chiseled_printer": {
    "criteria": {
      "has_s": "2024-07-25 10:02:30 +0000"
    },
    "done": true
  },
  "minecraft:recipes/decorations/chain": {
    "criteria": {
      "has_iron_ingot": "2024-07-25 07:09:11 +0000"
    },
    "done": true
  },
  "create:recipes/create.palettes/small_diorite_brick_stairs_from_stone_types_diorite_stonecutting": {
    "criteria": {
      "has_stone_types_diorite": "2024-07-25 07:55:19 +0000"
    },
    "done": true
  },
  "minecraft:recipes/misc/blue_dye": {
    "criteria": {
      "has_lapis_lazuli": "2024-07-25 07:20:15 +0000"
    },
    "done": true
  },
  "create:recipes/create.palettes/cut_tuff_stairs_from_stone_types_tuff_stonecutting": {
    "criteria": {
      "has_stone_types_tuff": "2024-07-25 11:15:34 +0000"
    },
    "done": true
  },
  "securitycraft:recipes/securitycraft/reinforced_light_gray_stained_glass_pane_from_glass": {
    "criteria": {
      "has_glass": "2024-07-25 08:11:31 +0000"
    },
    "done": true
  },
  "securitycraft:recipes/securitycraft/reinforced_yellow_stained_glass_pane_from_glass": {
    "criteria": {
      "has_glass": "2024-07-25 08:11:31 +0000"
    },
    "done": true
  },
  "securitycraft:recipes/securitycraft/universal_block_modifier": {
    "criteria": {
      "has_redstone": "2024-07-25 09:01:45 +0000"
    },
    "done": true
  },
  "minecraft:recipes/building_blocks/orange_concrete_powder": {
    "criteria": {
      "has_gravel": "2024-07-25 07:20:58 +0000"
    },
    "done": true
  },
  "securitycraft:recipes/securitycraft/reinforced_gray_stained_glass": {
    "criteria": {
      "has_glass": "2024-07-25 08:11:31 +0000"
    },
    "done": true
  },
  "minecraft:recipes/misc/coal_from_blasting_coal_ore": {
    "criteria": {
      "has_coal_ore": "2024-07-25 11:02:00 +0000"
    },
    "done": true
  },
  "create:recipes/create.palettes/cut_diorite_slab_from_stone_types_diorite_stonecutting": {
    "criteria": {
      "has_stone_types_diorite": "2024-07-25 07:55:19 +0000"
    },
    "done": true
  },
  "minecraft:recipes/building_blocks/raw_copper_block": {
    "criteria": {
      "has_raw_copper": "2024-07-25 11:14:45 +0000"
    },
    "done": true
  },
  "create:recipes/create.palettes/cut_deepslate_brick_slab_from_stone_types_deepslate_stonecutting": {
    "criteria": {
      "has_stone_types_deepslate": "2024-07-25 11:10:45 +0000"
    },
    "done": true
  },
  "croptopia:recipes/croptopia.croptopia/knife": {
    "criteria": {
      "has_iron": "2024-07-25 07:09:11 +0000"
    },
    "done": true
  },
  "mcwfences:recipes/deepslate": {
    "criteria": {
      "has_deepslate": "2024-07-25 06:32:16 +0000"
    },
    "done": true
  },
  "minecraft:recipes/brewing/blaze_powder": {
    "criteria": {
      "has_blaze_rod": "2024-07-25 07:03:50 +0000"
    },
    "done": true
  },
  "walkietalkie:recipes/netherite_walkietalkie": {
    "criteria": {
      "has_redstone": "2024-07-25 09:01:45 +0000"
    },
    "done": true
  },
  "minecraft:recipes/decorations/deepslate_tile_wall_from_cobbled_deepslate_stonecutting": {
    "criteria": {
      "has_cobbled_deepslate": "2024-07-25 11:10:41 +0000"
    },
    "done": true
  },
  "minecraft:recipes/misc/iron_ingot_from_blasting_raw_iron": {
    "criteria": {
      "has_raw_iron": "2024-07-25 11:13:46 +0000"
    },
    "done": true
  },
  "create:recipes/create.palettes/polished_cut_diorite_stairs": {
    "criteria": {
      "has_polished_cut_diorite": "2024-07-25 07:55:19 +0000"
    },
    "done": true
  },
  "create:recipes/create.palettes/cut_deepslate_from_stone_types_deepslate_stonecutting": {
    "criteria": {
      "has_stone_types_deepslate": "2024-07-25 11:10:45 +0000"
    },
    "done": true
  },
  "create:recipes/create.palettes/small_diorite_brick_slab_from_stone_types_diorite_stonecutting": {
    "criteria": {
      "has_stone_types_diorite": "2024-07-25 07:55:19 +0000"
    },
    "done": true
  },
  "securitycraft:recipes/securitycraft/universal_key_changer": {
    "criteria": {
      "has_redstone": "2024-07-25 09:01:45 +0000"
    },
    "done": true
  },
  "minecraft:recipes/building_blocks/iron_block": {
    "criteria": {
      "has_iron_ingot": "2024-07-25 07:09:11 +0000"
    },
    "done": true
  },
  "decorative_blocks:recipes/decorative_blocks.general/rocky_dirt": {
    "criteria": {
      "has_dirt": "2024-07-25 07:24:54 +0000"
    },
    "done": true
  },
  "minecraft:recipes/redstone/birch_button": {
    "criteria": {
      "has_planks": "2024-07-26 09:36:11 +0000"
    },
    "done": true
  },
  "incendium:technical/inventory/sentrys_wrath": {
    "criteria": {
      "log_spam_fixer": "2024-07-28 02:41:27 +0000"
    },
    "done": false
  },
  "securitycraft:recipes/securitycraft/reinforced_black_stained_glass_pane_from_glass": {
    "criteria": {
      "has_glass": "2024-07-25 08:11:31 +0000"
    },
    "done": true
  },
  "create:recipes/create.palettes/framed_glass_from_glass_colorless_stonecutting": {
    "criteria": {
      "has_glass_colorless": "2024-07-25 08:11:31 +0000"
    },
    "done": true
  },
  "create:recipes/create.base/crafting/appliances/netherite_backtank_from_netherite": {
    "criteria": {
      "has_item": "2024-07-25 11:12:47 +0000"
    },
    "done": true
  },
  "chiselsandbits:recipes/chiselsandbits/measuring_tape": {
    "criteria": {
      "has_i": "2024-07-25 07:09:11 +0000"
    },
    "done": true
  },
  "connectedglass:recipes/connectedglass/borderless_glass_blue_pane3": {
    "criteria": {
      "recipe_condition": "2024-07-26 01:20:53 +0000"
    },
    "done": true
  },
  "mcwfences:recipes/warped": {
    "criteria": {
      "has_warped": "2024-07-25 06:32:16 +0000"
    },
    "done": true
  },
  "create:recipes/create.palettes/cut_tuff_brick_stairs_from_stone_types_tuff_stonecutting": {
    "criteria": {
      "has_stone_types_tuff": "2024-07-25 11:15:34 +0000"
    },
    "done": true
  },
  "securitycraft:recipes/securitycraft/username_logger": {
    "criteria": {
      "has_redstone": "2024-07-25 09:01:45 +0000"
    },
    "done": true
  },
  "create:recipes/create.base/crafting/materials/andesite_alloy": {
    "criteria": {
      "has_item": "2024-07-25 07:09:11 +0000"
    },
    "done": true
  },
  "croptopia:knife": {
    "criteria": {
      "knife": "2024-07-25 11:00:32 +0000"
    },
    "done": true
  },
  "create:recipes/create.palettes/polished_cut_tuff_wall_from_stone_types_tuff_stonecutting": {
    "criteria": {
      "has_stone_types_tuff": "2024-07-25 11:15:34 +0000"
    },
    "done": true
  },
  "minecraft:recipes/building_blocks/gray_concrete_powder": {
    "criteria": {
      "has_gravel": "2024-07-25 07:20:58 +0000"
    },
    "done": true
  },
  "securitycraft:recipes/securitycraft/cage_trap": {
    "criteria": {
      "has_redstone": "2024-07-25 09:01:45 +0000"
    },
    "done": true
  },
  "create:recipes/create.palettes/ornate_iron_window_pane": {
    "criteria": {
      "has_ingredient": "2024-07-25 08:40:00 +0000"
    },
    "done": true
  },
  "securitycraft:recipes/securitycraft/smart_module": {
    "criteria": {
      "has_iron": "2024-07-25 07:09:11 +0000"
    },
    "done": true
  },
  "alexsmobs:alexsmobs/skelewag": {
    "criteria": {
      "killed_by": "2024-07-26 07:37:20 +0000"
    },
    "done": true
  },
  "connectedglass:recipes/connectedglass/borderless_glass_lime2": {
    "criteria": {
      "recipe_condition1": "2024-07-25 08:11:31 +0000"
    },
    "done": true
  },
  "securitycraft:recipes/securitycraft/block_change_detector": {
    "criteria": {
      "has_iron": "2024-07-25 07:09:11 +0000"
    },
    "done": true
  },
  "minecraft:recipes/tools/iron_axe": {
    "criteria": {
      "has_iron_ingot": "2024-07-25 07:09:11 +0000"
    },
    "done": true
  },
  "securitycraft:recipes/securitycraft/remote_access_sentry": {
    "criteria": {
      "has_sentry": "2024-07-25 10:42:28 +0000"
    },
    "done": true
  },
  "mcwlights:recipes/sea_lantern_slab": {
    "criteria": {
      "has_wood": "2024-07-25 10:50:03 +0000"
    },
    "done": true
  },
  "connectedglass:recipes/connectedglass/borderless_glass_gray2": {
    "criteria": {
      "recipe_condition1": "2024-07-25 08:11:31 +0000"
    },
    "done": true
  },
  "minecraft:recipes/building_blocks/raw_gold_block": {
    "criteria": {
      "has_raw_gold": "2024-07-25 07:09:58 +0000"
    },
    "done": true
  },
  "minecraft:recipes/combat/iron_boots": {
    "criteria": {
      "has_iron_ingot": "2024-07-25 07:09:11 +0000"
    },
    "done": true
  },
  "mcwbridges:recipes/birch_log_bridge_middle": {
    "criteria": {
      "has_planks": "2024-07-26 09:36:11 +0000"
    },
    "done": true
  },
  "minecraft:recipes/misc/bone_meal": {
    "criteria": {
      "has_bone": "2024-07-25 07:05:28 +0000"
    },
    "done": true
  },
  "minecraft:recipes/building_blocks/black_concrete_powder": {
    "criteria": {
      "has_gravel": "2024-07-25 07:20:58 +0000"
    },
    "done": true
  },
  "farmersdelight:recipes/farmersdelight/iron_knife": {
    "criteria": {
      "has_iron_ingot": "2024-07-25 07:09:11 +0000"
    },
    "done": true
  },
  "minecraft:recipes/redstone/birch_fence_gate": {
    "criteria": {
      "has_planks": "2024-07-26 09:36:11 +0000"
    },
    "done": true
  },
  "minecraft:recipes/redstone/stone_button": {
    "criteria": {
      "has_stone": "2024-07-25 07:12:23 +0000"
    },
    "done": true
  },
  "minecraft:recipes/combat/crossbow": {
    "criteria": {
      "has_iron_ingot": "2024-07-25 07:09:11 +0000"
    },
    "done": true
  },
  "minecraft:recipes/combat/iron_chestplate": {
    "criteria": {
      "has_iron_ingot": "2024-07-25 07:09:11 +0000"
    },
    "done": true
  },
  "minecraft:recipes/decorations/cobbled_deepslate_wall": {
    "criteria": {
      "has_cobbled_deepslate": "2024-07-25 11:10:41 +0000"
    },
    "done": true
  },
  "create:recipes/create.palettes/polished_cut_deepslate_slab_from_stone_types_deepslate_stonecutting": {
    "criteria": {
      "has_stone_types_deepslate": "2024-07-25 11:10:45 +0000"
    },
    "done": true
  },
  "comforts:rope_and_nail": {
    "criteria": {
      "has_iron": "2024-07-25 07:09:11 +0000"
    },
    "done": true
  },
  "connectedglass:recipes/connectedglass/borderless_glass_green2": {
    "criteria": {
      "recipe_condition1": "2024-07-25 08:11:31 +0000"
    },
    "done": true
  },
  "mcwbridges:recipes/birch_rail_bridge": {
    "criteria": {
      "has_planks": "2024-07-26 09:36:11 +0000"
    },
    "done": true
  },
  "create:recipes/create.base/crafting/kinetics/empty_blaze_burner": {
    "criteria": {
      "has_item": "2024-07-25 07:09:11 +0000"
    },
    "done": true
  },
  "treasure2:recipes/treasure2/key_ring": {
    "criteria": {
      "has_iron": "2024-07-25 07:09:11 +0000"
    },
    "done": true
  },
  "supplementaries:recipes/hanging_sign_minecraft/birch": {
    "criteria": {
      "has_plank": "2024-07-26 09:36:11 +0000"
    },
    "done": true
  },
  "minecraft:recipes/building_blocks/red_concrete_powder": {
    "criteria": {
      "has_gravel": "2024-07-25 07:20:58 +0000"
    },
    "done": true
  },
  "securitycraft:recipes/securitycraft/portable_tune_player": {
    "criteria": {
      "has_redstone": "2024-07-25 09:01:45 +0000"
    },
    "done": true
  },
  "minecraft:recipes/misc/iron_nugget_from_blasting": {
    "criteria": {
      "has_iron_boots": "2024-07-25 07:05:15 +0000"
    },
    "done": true
  },
  "securitycraft:recipes/securitycraft/reinforced_blue_stained_glass": {
    "criteria": {
      "has_glass": "2024-07-25 08:11:31 +0000"
    },
    "done": true
  },
  "minecraft:recipes/decorations/polished_deepslate_wall_from_cobbled_deepslate_stonecutting": {
    "criteria": {
      "has_cobbled_deepslate": "2024-07-25 11:10:41 +0000"
    },
    "done": true
  },
  "neoncraft2:recipes/wallneon_arrow_right_white_craft": {
    "criteria": {
      "has_ingredient": "2024-07-25 06:32:16 +0000"
    },
    "done": true
  },
  "securitycraft:recipes/securitycraft/reinforced_diorite": {
    "criteria": {
      "has_cobblestone": "2024-07-25 07:19:55 +0000"
    },
    "done": true
  },
  "neoncraft2:recipes/glass_stick_craft": {
    "criteria": {
      "has_ingredient": "2024-07-25 06:32:16 +0000"
    },
    "done": true
  },
  "securitycraft:recipes/securitycraft/trophy_system": {
    "criteria": {
      "has_iron": "2024-07-25 07:09:11 +0000"
    },
    "done": true
  },
  "securitycraft:recipes/securitycraft/reinforced_brown_stained_glass": {
    "criteria": {
      "has_glass": "2024-07-25 08:11:31 +0000"
    },
    "done": true
  },
  "minecraft:adventure/kill_a_mob": {
    "criteria": {
      "minecraft:zombie": "2024-07-25 07:00:11 +0000"
    },
    "done": true
  },
  "securitycraft:recipes/securitycraft/camera_monitor": {
    "criteria": {
      "has_iron": "2024-07-25 07:09:11 +0000"
    },
    "done": true
  },
  "securitycraft:recipes/securitycraft/reinforced_orange_stained_glass_pane_from_dye": {
    "criteria": {
      "has_glass": "2024-07-25 08:11:31 +0000"
    },
    "done": true
  },
  "incendium:technical/multiplex_crossbow": {
    "criteria": {
      "log_spam_fixer": "2024-07-28 02:41:27 +0000"
    },
    "done": false
  },
  "securitycraft:recipes/securitycraft/limited_use_keycard": {
    "criteria": {
      "has_iron": "2024-07-25 07:09:11 +0000"
    },
    "done": true
  },
  "mcwfences:recipes/blackstone": {
    "criteria": {
      "has_blackstone": "2024-07-25 06:32:16 +0000"
    },
    "done": true
  },
  "minecraft:recipes/building_blocks/stone": {
    "criteria": {
      "has_cobblestone": "2024-07-25 07:19:55 +0000"
    },
    "done": true
  },
  "incendium:technical/firestorm": {
    "criteria": {
      "log_spam_fixer": "2024-07-28 02:41:27 +0000"
    },
    "done": false
  },
  "minecraft:recipes/building_blocks/deepslate_bricks_from_cobbled_deepslate_stonecutting": {
    "criteria": {
      "has_cobbled_deepslate": "2024-07-25 11:10:41 +0000"
    },
    "done": true
  },
  "minecraft:recipes/decorations/stonecutter": {
    "criteria": {
      "has_stone": "2024-07-25 07:12:23 +0000"
    },
    "done": true
  },
  "minecraft:adventure/adventuring_time": {
    "criteria": {
      "minecraft:snowy_slopes": "2024-07-25 06:38:59 +0000",
      "minecraft:deep_ocean": "2024-07-25 07:02:21 +0000",
      "minecraft:sunflower_plains": "2024-07-25 06:50:50 +0000",
      "minecraft:birch_forest": "2024-07-25 06:52:52 +0000",
      "minecraft:beach": "2024-07-25 06:45:21 +0000",
      "minecraft:river": "2024-07-25 06:42:57 +0000",
      "minecraft:stony_shore": "2024-07-25 06:52:16 +0000",
      "minecraft:grove": "2024-07-26 11:04:06 +0000",
      "minecraft:jagged_peaks": "2024-07-25 06:49:49 +0000",
      "minecraft:forest": "2024-07-25 06:32:17 +0000",
      "minecraft:ocean": "2024-07-25 06:44:44 +0000",
      "minecraft:flower_forest": "2024-07-25 06:45:04 +0000",
      "minecraft:frozen_peaks": "2024-07-25 06:50:01 +0000",
      "minecraft:old_growth_birch_forest": "2024-07-25 06:41:17 +0000",
      "minecraft:plains": "2024-07-25 06:35:45 +0000"
    },
    "done": false
  },
  "minecraft:recipes/building_blocks/deepslate_brick_stairs_from_cobbled_deepslate_stonecutting": {
    "criteria": {
      "has_cobbled_deepslate": "2024-07-25 11:10:41 +0000"
    },
    "done": true
  },
  "neoncraft2:recipes/wallneon_number_8_white_craft": {
    "criteria": {
      "has_ingredient": "2024-07-25 06:32:16 +0000"
    },
    "done": true
  },
  "neoncraft2:recipes/wallneon_letter_c_white_craft": {
    "criteria": {
      "has_ingredient": "2024-07-25 06:32:16 +0000"
    },
    "done": true
  },
  "dramaticdoors:recipes/redstone/short_iron_door": {
    "criteria": {
      "has_items": "2024-07-25 13:34:30 +0000"
    },
    "done": true
  },
  "incendium:technical/using/ragnarok": {
    "criteria": {
      "log_spam_fixer": "2024-07-25 06:32:17 +0000"
    },
    "done": false
  },
  "securitycraft:recipes/securitycraft/whitelist_module": {
    "criteria": {
      "has_iron": "2024-07-25 07:09:11 +0000"
    },
    "done": true
  },
  "minecraft:recipes/combat/stone_sword": {
    "criteria": {
      "has_cobblestone": "2024-07-25 07:19:55 +0000"
    },
    "done": true
  },
  "neoncraft2:recipes/wallneon_letter_g_white_craft": {
    "criteria": {
      "has_ingredient": "2024-07-25 06:32:17 +0000"
    },
    "done": true
  },
  "minecraft:recipes/decorations/cobblestone_wall": {
    "criteria": {
      "has_cobblestone": "2024-07-25 07:19:55 +0000"
    },
    "done": true
  },
  "minecraft:recipes/decorations/barrel": {
    "criteria": {
      "has_wood_slab": "2024-07-25 08:38:17 +0000"
    },
    "done": true
  },
  "mcwbridges:recipes/balustrade_stone_bricks_bridge": {
    "criteria": {
      "has_planks": "2024-07-25 07:13:27 +0000"
    },
    "done": true
  },
  "minecraft:recipes/misc/iron_ingot_from_smelting_raw_iron": {
    "criteria": {
      "has_raw_iron": "2024-07-25 11:13:46 +0000"
    },
    "done": true
  },
  "minecraft:recipes/tools/stone_pickaxe": {
    "criteria": {
      "has_cobblestone": "2024-07-25 07:19:55 +0000"
    },
    "done": true
  },
  "mcwbridges:recipes/bridge_torch": {
    "criteria": {
      "has_planks": "2024-07-25 07:25:20 +0000"
    },
    "done": true
  },
  "minecraft:recipes/decorations/smithing_table": {
    "criteria": {
      "has_iron_ingot": "2024-07-25 07:09:11 +0000"
    },
    "done": true
  },
  "neoncraft2:recipes/wallneon_letter_k_white_craft": {
    "criteria": {
      "has_ingredient": "2024-07-25 06:32:16 +0000"
    },
    "done": true
  },
  "neoncraft2:recipes/wallneon_number_0_white_craft": {
    "criteria": {
      "has_ingredient": "2024-07-25 06:32:16 +0000"
    },
    "done": true
  },
  "incendium:technical/holy_wrath": {
    "criteria": {
      "log_spam_fixer": "2024-07-28 02:41:27 +0000"
    },
    "done": false
  },
  "minecraft:recipes/building_blocks/deepslate_brick_slab_from_cobbled_deepslate_stonecutting": {
    "criteria": {
      "has_cobbled_deepslate": "2024-07-25 11:10:41 +0000"
    },
    "done": true
  },
  "create:recipes/create.palettes/layered_deepslate_from_stone_types_deepslate_stonecutting": {
    "criteria": {
      "has_stone_types_deepslate": "2024-07-25 11:10:45 +0000"
    },
    "done": true
  },
  "minecraft:recipes/redstone/stone_pressure_plate": {
    "criteria": {
      "has_stone": "2024-07-25 07:12:23 +0000"
    },
    "done": true
  },
  "neoncraft2:recipes/wallneon_number_4_white_craft": {
    "criteria": {
      "has_ingredient": "2024-07-25 06:32:16 +0000"
    },
    "done": true
  },
  "minecraft:recipes/decorations/cobblestone_wall_from_cobblestone_stonecutting": {
    "criteria": {
      "has_cobblestone": "2024-07-25 07:19:55 +0000"
    },
    "done": true
  },
  "securitycraft:recipes/securitycraft/reinforced_magenta_stained_glass_pane_from_dye": {
    "criteria": {
      "has_glass": "2024-07-25 08:11:31 +0000"
    },
    "done": true
  },
  "mcwlights:recipes/paper_lamp": {
    "criteria": {
      "has_wood": "2024-07-25 07:25:20 +0000"
    },
    "done": true
  },
  "minecraft:recipes/decorations/grindstone": {
    "criteria": {
      "has_stone_slab": "2024-07-25 08:38:43 +0000"
    },
    "done": true
  },
  "minecraft:recipes/building_blocks/diamond_block": {
    "criteria": {
      "has_diamond": "2024-07-25 11:18:43 +0000"
    },
    "done": true
  },
  "minecraft:recipes/decorations/flower_pot": {
    "criteria": {
      "has_brick": "2024-07-25 07:04:58 +0000"
    },
    "done": true
  },
  "minecraft:recipes/food/dried_kelp_from_campfire_cooking": {
    "criteria": {
      "has_kelp": "2024-07-26 07:37:53 +0000"
    },
    "done": true
  },
  "minecraft:recipes/building_blocks/lapis_block": {
    "criteria": {
      "has_lapis_lazuli": "2024-07-25 07:20:15 +0000"
    },
    "done": true
  },
  "decorative_blocks:recipes/decorative_blocks.general/soul_brazier": {
    "criteria": {
      "has_bar": "2024-07-25 08:39:55 +0000"
    },
    "done": true
  },
  "minecraft:recipes/decorations/lantern": {
    "criteria": {
      "has_iron_ingot": "2024-07-25 07:09:11 +0000"
    },
    "done": true
  },
  "walkietalkie:recipes/wooden_walkietalkie": {
    "criteria": {
      "has_redstone": "2024-07-25 09:01:45 +0000"
    },
    "done": true
  },
  "mcwfences:recipes/dark_oak": {
    "criteria": {
      "has_dark_oak": "2024-07-25 06:32:16 +0000"
    },
    "done": true
  },
  "decorative_blocks:recipes/decorative_blocks.general/bar_panel": {
    "criteria": {
      "has_ingot": "2024-07-25 07:09:11 +0000"
    },
    "done": true
  },
  "create:recipes/building_blocks/deepslate_from_stone_types_deepslate_stonecutting": {
    "criteria": {
      "has_stone_types_deepslate": "2024-07-25 11:10:45 +0000"
    },
    "done": true
  },
  "create:recipes/create.palettes/small_tuff_brick_stairs_from_stone_types_tuff_stonecutting": {
    "criteria": {
      "has_stone_types_tuff": "2024-07-25 11:15:34 +0000"
    },
    "done": true
  },
  "connectedglass:recipes/connectedglass/borderless_glass_purple2": {
    "criteria": {
      "recipe_condition1": "2024-07-25 08:11:31 +0000"
    },
    "done": true
  },
  "create:recipes/create.palettes/cut_tuff_wall_from_stone_types_tuff_stonecutting": {
    "criteria": {
      "has_stone_types_tuff": "2024-07-25 11:15:34 +0000"
    },
    "done": true
  },
  "securitycraft:recipes/securitycraft/reinforced_pink_stained_glass_pane_from_glass": {
    "criteria": {
      "has_glass": "2024-07-25 08:11:31 +0000"
    },
    "done": true
  },
  "walkietalkie:recipes/speaker": {
    "criteria": {
      "has_redstone": "2024-07-25 09:01:45 +0000"
    },
    "done": true
  },
  "minecraft:recipes/building_blocks/cobbled_deepslate_slab_from_cobbled_deepslate_stonecutting": {
    "criteria": {
      "has_cobbled_deepslate": "2024-07-25 11:10:41 +0000"
    },
    "done": true
  },
  "securitycraft:recipes/securitycraft/reinforced_lime_stained_glass_pane_from_glass": {
    "criteria": {
      "has_glass": "2024-07-25 08:11:31 +0000"
    },
    "done": true
  },
  "minecraft:recipes/food/cooked_chicken": {
    "criteria": {
      "has_chicken": "2024-07-26 03:31:57 +0000"
    },
    "done": true
  },
  "croptopia:recipes/chicken_and_noodles": {
    "criteria": {
      "has_chicken": "2024-07-26 03:31:57 +0000"
    },
    "done": true
  },
  "securitycraft:recipes/securitycraft/alarm": {
    "criteria": {
      "has_redstone": "2024-07-25 09:01:45 +0000"
    },
    "done": true
  },
  "minecraft:recipes/tools/stone_axe": {
    "criteria": {
      "has_cobblestone": "2024-07-25 07:19:55 +0000"
    },
    "done": true
  },
  "minecraft:recipes/building_blocks/raw_iron_block": {
    "criteria": {
      "has_raw_iron": "2024-07-25 11:13:46 +0000"
    },
    "done": true
  },
  "securitycraft:recipes/securitycraft/disguise_module": {
    "criteria": {
      "has_iron": "2024-07-25 07:09:11 +0000"
    },
    "done": true
  },
  "securitycraft:recipes/securitycraft/reinforced_cyan_stained_glass_pane_from_glass": {
    "criteria": {
      "has_glass": "2024-07-25 08:11:31 +0000"
    },
    "done": true
  },
  "mcwbridges:recipes/stone_bridge_pier": {
    "criteria": {
      "has_planks": "2024-07-25 07:13:27 +0000"
    },
    "done": true
  },
  "connectedglass:recipes/connectedglass/borderless_glass_blue2": {
    "criteria": {
      "recipe_condition1": "2024-07-25 08:11:31 +0000"
    },
    "done": true
  },
  "cold_sweat:huddle_close": {
    "criteria": {
      "requirement": "2024-07-25 10:06:40 +0000"
    },
    "done": true
  },
  "create:recipes/create.palettes/polished_cut_tuff_slab_from_stone_types_tuff_stonecutting": {
    "criteria": {
      "has_stone_types_tuff": "2024-07-25 11:15:34 +0000"
    },
    "done": true
  },
  "incendium:technical/on_block": {
    "criteria": {
      "log_spam_fixer": "2024-07-28 02:41:27 +0000"
    },
    "done": false
  },
  "create:recipes/create.palettes/cut_tuff_from_stone_types_tuff_stonecutting": {
    "criteria": {
      "has_stone_types_tuff": "2024-07-25 11:15:34 +0000"
    },
    "done": true
  },
  "create:recipes/create.palettes/small_tuff_brick_slab_from_stone_types_tuff_stonecutting": {
    "criteria": {
      "has_stone_types_tuff": "2024-07-25 11:15:34 +0000"
    },
    "done": true
  },
  "minecraft:recipes/building_blocks/cobblestone_stairs_from_cobblestone_stonecutting": {
    "criteria": {
      "has_cobblestone": "2024-07-25 07:19:55 +0000"
    },
    "done": true
  },
  "farmersdelight:recipes/farmersdelight/cooking/chicken_soup": {
    "criteria": {
      "has_any_ingredient": "2024-07-26 03:31:56 +0000"
    },
    "done": true
  },
  "minecraft:recipes/building_blocks/magenta_concrete_powder": {
    "criteria": {
      "has_gravel": "2024-07-25 07:20:58 +0000"
    },
    "done": true
  },
  "create:recipes/create.palettes/horizontal_framed_glass_from_glass_colorless_stonecutting": {
    "criteria": {
      "has_glass_colorless": "2024-07-25 08:11:31 +0000"
    },
    "done": true
  },
  "connectedglass:recipes/connectedglass/borderless_glass_light_blue2": {
    "criteria": {
      "recipe_condition1": "2024-07-25 08:11:31 +0000"
    },
    "done": true
  },
  "securitycraft:recipes/securitycraft/panic_button": {
    "criteria": {
      "has_redstone": "2024-07-25 09:01:45 +0000"
    },
    "done": true
  },
  "mcwroofs:recipes/stone": {
    "criteria": {
      "has_planks": "2024-07-25 07:12:23 +0000"
    },
    "done": true
  },
  "securitycraft:recipes/securitycraft/reinforced_green_stained_glass_pane_from_dye": {
    "criteria": {
      "has_glass": "2024-07-25 08:11:31 +0000"
    },
    "done": true
  },
  "minecraft:recipes/building_blocks/stone_brick_slab_from_stone_bricks_stonecutting": {
    "criteria": {
      "has_stone_bricks": "2024-07-25 07:13:27 +0000"
    },
    "done": true
  },
  "minecraft:recipes/redstone/birch_pressure_plate": {
    "criteria": {
      "has_planks": "2024-07-26 09:36:11 +0000"
    },
    "done": true
  },
  "minecraft:recipes/decorations/campfire": {
    "criteria": {
      "has_coal": "2024-07-25 07:09:57 +0000"
    },
    "done": true
  },
  "minecraft:recipes/building_blocks/smooth_stone": {
    "criteria": {
      "has_stone": "2024-07-25 07:12:23 +0000"
    },
    "done": true
  },
  "croptopia:recipes/fried_chicken": {
    "criteria": {
      "has_chicken": "2024-07-26 03:31:57 +0000"
    },
    "done": true
  },
  "minecraft:recipes/misc/iron_nugget": {
    "criteria": {
      "has_iron_ingot": "2024-07-25 07:09:11 +0000"
    },
    "done": true
  },
  "securitycraft:recipes/securitycraft/reinforced_light_blue_stained_glass_pane_from_dye": {
    "criteria": {
      "has_glass": "2024-07-25 08:11:31 +0000"
    },
    "done": true
  },
  "minecraft:recipes/building_blocks/stone_slab_from_stone_stonecutting": {
    "criteria": {
      "has_stone": "2024-07-25 07:12:23 +0000"
    },
    "done": true
  },
  "minecraft:recipes/building_blocks/brown_concrete_powder": {
    "criteria": {
      "has_gravel": "2024-07-25 07:20:58 +0000"
    },
    "done": true
  },
  "neoncraft2:recipes/wallneon_arrow_down_white_craft": {
    "criteria": {
      "has_ingredient": "2024-07-25 06:32:16 +0000"
    },
    "done": true
  },
  "securitycraft:recipes/securitycraft/reinforced_red_stained_glass_pane_from_glass": {
    "criteria": {
      "has_glass": "2024-07-25 08:11:31 +0000"
    },
    "done": true
  },
  "create:recipes/create.palettes/cut_tuff_brick_slab_from_stone_types_tuff_stonecutting": {
    "criteria": {
      "has_stone_types_tuff": "2024-07-25 11:15:34 +0000"
    },
    "done": true
  },
  "create:recipes/create.palettes/cut_deepslate_bricks_from_stone_types_deepslate_stonecutting": {
    "criteria": {
      "has_stone_types_deepslate": "2024-07-25 11:10:45 +0000"
    },
    "done": true
  },
  "minecraft:recipes/building_blocks/deepslate_tile_slab_from_cobbled_deepslate_stonecutting": {
    "criteria": {
      "has_cobbled_deepslate": "2024-07-25 11:10:41 +0000"
    },
    "done": true
  },
  "securitycraft:recipes/securitycraft/track_mine": {
    "criteria": {
      "has_iron": "2024-07-25 07:09:11 +0000"
    },
    "done": true
  },
  "create:recipes/create.palettes/cut_diorite_stairs_from_stone_types_diorite_stonecutting": {
    "criteria": {
      "has_stone_types_diorite": "2024-07-25 07:55:19 +0000"
    },
    "done": true
  },
  "create:recipes/create.palettes/cut_tuff_brick_wall_from_stone_types_tuff_stonecutting": {
    "criteria": {
      "has_stone_types_tuff": "2024-07-25 11:15:34 +0000"
    },
    "done": true
  },
  "minecraft:recipes/combat/diamond_sword": {
    "criteria": {
      "has_diamond": "2024-07-25 11:18:43 +0000"
    },
    "done": true
  },
  "create:recipes/create.palettes/cut_deepslate_stairs_from_stone_types_deepslate_stonecutting": {
    "criteria": {
      "has_stone_types_deepslate": "2024-07-25 11:10:45 +0000"
    },
    "done": true
  },
  "minecraft:recipes/transportation/spruce_boat": {
    "criteria": {
      "in_water": "2024-07-25 06:44:45 +0000"
    },
    "done": true
  },
  "mcwlights:recipes/tiki_torches": {
    "criteria": {
      "has_wood": "2024-07-25 07:25:20 +0000"
    },
    "done": true
  },
  "minecraft:recipes/decorations/jukebox": {
    "criteria": {
      "has_diamond": "2024-07-25 11:18:43 +0000"
    },
    "done": true
  },
  "create:recipes/building_blocks/tuff_from_stone_types_tuff_stonecutting": {
    "criteria": {
      "has_stone_types_tuff": "2024-07-25 11:15:34 +0000"
    },
    "done": true
  },
  "minecraft:recipes/building_blocks/cracked_stone_bricks": {
    "criteria": {
      "has_stone_bricks": "2024-07-25 07:13:27 +0000"
    },
    "done": true
  },
  "securitycraft:recipes/securitycraft/blacklist_module": {
    "criteria": {
      "has_iron": "2024-07-25 07:09:11 +0000"
    },
    "done": true
  },
  "chiselsandbits:recipes/chiselsandbits/chisel_diamond": {
    "criteria": {
      "has_ingredient": "2024-07-25 11:18:43 +0000"
    },
    "done": true
  },
  "securitycraft:recipes/securitycraft/speed_module": {
    "criteria": {
      "has_iron": "2024-07-25 07:09:11 +0000"
    },
    "done": true
  },
  "minecraft:recipes/tools/flint_and_steel": {
    "criteria": {
      "has_flint": "2024-07-25 11:14:40 +0000"
    },
    "done": true
  },
  "neoncraft2:recipes/wallneon_letter_s_white_craft": {
    "criteria": {
      "has_ingredient": "2024-07-25 06:32:16 +0000"
    },
    "done": true
  },
  "neoncraft2:recipes/wallneon_letter_u_white_craft": {
    "criteria": {
      "has_ingredient": "2024-07-25 06:32:16 +0000"
    },
    "done": true
  },
  "connectedglass:recipes/connectedglass/borderless_glass_cyan2": {
    "criteria": {
      "recipe_condition1": "2024-07-25 08:11:31 +0000"
    },
    "done": true
  },
  "neoncraft2:recipes/wallneon_letter_p_white_craft": {
    "criteria": {
      "has_ingredient": "2024-07-25 06:32:16 +0000"
    },
    "done": true
  },
  "neoncraft2:recipes/wallneon_letter_t_white_craft": {
    "criteria": {
      "has_ingredient": "2024-07-25 06:32:16 +0000"
    },
    "done": true
  },
  "farmersdelight:recipes/farmersdelight/skillet": {
    "criteria": {
      "has_brick": "2024-07-25 07:04:58 +0000"
    },
    "done": true
  },
  "securitycraft:recipes/securitycraft/reinforced_blue_stained_glass_pane_from_dye": {
    "criteria": {
      "has_glass": "2024-07-25 08:11:31 +0000"
    },
    "done": true
  },
  "create:recipes/create.palettes/small_deepslate_bricks_from_stone_types_deepslate_stonecutting": {
    "criteria": {
      "has_stone_types_deepslate": "2024-07-25 11:10:45 +0000"
    },
    "done": true
  },
  "securitycraft:recipes/securitycraft/harming_module": {
    "criteria": {
      "has_iron": "2024-07-25 07:09:11 +0000"
    },
    "done": true
  },
  "create:recipes/create.palettes/small_tuff_brick_wall_from_stone_types_tuff_stonecutting": {
    "criteria": {
      "has_stone_types_tuff": "2024-07-25 11:15:34 +0000"
    },
    "done": true
  },
  "neoncraft2:recipes/wallneon_letter_w_white_craft": {
    "criteria": {
      "has_ingredient": "2024-07-25 06:32:16 +0000"
    },
    "done": true
  },
  "neoncraft2:recipes/wallneon_letter_o_white_craft": {
    "criteria": {
      "has_ingredient": "2024-07-25 06:32:16 +0000"
    },
    "done": true
  },
  "neoncraft2:recipes/wallneon_letter_n_white_craft": {
    "criteria": {
      "has_ingredient": "2024-07-25 06:32:16 +0000"
    },
    "done": true
  },
  "neoncraft2:recipes/wallneon_letter_v_white_craft": {
    "criteria": {
      "has_ingredient": "2024-07-25 06:32:16 +0000"
    },
    "done": true
  },
  "mcwfences:recipes/spruce": {
    "criteria": {
      "has_spruce": "2024-07-25 06:32:16 +0000"
    },
    "done": true
  },
  "mcwfences:recipes/hedge": {
    "criteria": {
      "has_birch": "2024-07-25 06:32:16 +0000"
    },
    "done": true
  },
  "securitycraft:recipes/securitycraft/keypad_frame": {
    "criteria": {
      "has_redstone": "2024-07-25 09:01:45 +0000"
    },
    "done": true
  },
  "create:recipes/create.palettes/vertical_framed_glass_from_glass_colorless_stonecutting": {
    "criteria": {
      "has_glass_colorless": "2024-07-25 08:11:31 +0000"
    },
    "done": true
  },
  "minecraft:husbandry/balanced_diet": {
    "criteria": {
      "rotten_flesh": "2024-07-26 07:20:41 +0000"
    },
    "done": false
  },
  "securitycraft:recipes/securitycraft/reinforced_light_gray_stained_glass": {
    "criteria": {
      "has_glass": "2024-07-25 08:11:31 +0000"
    },
    "done": true
  },
  "neoncraft2:recipes/wallneon_letter_q_white_craft": {
    "criteria": {
      "has_ingredient": "2024-07-25 06:32:16 +0000"
    },
    "done": true
  },
  "minecraft:recipes/misc/bucket": {
    "criteria": {
      "has_iron_ingot": "2024-07-25 07:09:11 +0000"
    },
    "done": true
  },
  "parcool:grant_parcool_guide": {
    "criteria": {
      "tick": "2024-07-25 06:32:22 +0000"
    },
    "done": true
  },
  "create:recipes/create.palettes/small_deepslate_brick_stairs_from_stone_types_deepslate_stonecutting": {
    "criteria": {
      "has_stone_types_deepslate": "2024-07-25 11:10:45 +0000"
    },
    "done": true
  },
  "neoncraft2:recipes/wallneon_letter_r_white_craft": {
    "criteria": {
      "has_ingredient": "2024-07-25 06:32:16 +0000"
    },
    "done": true
  },
  "minecraft:recipes/building_blocks/cobblestone_stairs": {
    "criteria": {
      "has_cobblestone": "2024-07-25 07:19:55 +0000"
    },
    "done": true
  },
  "minecraft:recipes/building_blocks/stone_brick_stairs_from_stone_bricks_stonecutting": {
    "criteria": {
      "has_stone_bricks": "2024-07-25 07:13:27 +0000"
    },
    "done": true
  },
  "securitycraft:recipes/securitycraft/reinforced_light_blue_stained_glass_pane_from_glass": {
    "criteria": {
      "has_glass": "2024-07-25 08:11:31 +0000"
    },
    "done": true
  },
  "minecraft:recipes/building_blocks/birch_slab": {
    "criteria": {
      "has_planks": "2024-07-26 09:36:11 +0000"
    },
    "done": true
  },
  "mcwbridges:recipes/cobblestone_bridge_pier": {
    "criteria": {
      "has_planks": "2024-07-25 07:19:55 +0000"
    },
    "done": true
  },
  "create:recipes/create.base/crafting/logistics/powered_toggle_latch": {
    "criteria": {
      "has_item": "2024-07-25 09:01:45 +0000"
    },
    "done": true
  },
  "minecraft:recipes/redstone/note_block": {
    "criteria": {
      "has_redstone": "2024-07-25 09:01:45 +0000"
    },
    "done": true
  },
  "connectedglass:recipes/connectedglass/borderless_glass_pane3": {
    "criteria": {
      "recipe_condition": "2024-07-25 08:11:31 +0000"
    },
    "done": true
  },
  "create:recipes/create.palettes/polished_cut_tuff_from_stone_types_tuff_stonecutting": {
    "criteria": {
      "has_stone_types_tuff": "2024-07-25 11:15:34 +0000"
    },
    "done": true
  },
  "securitycraft:recipes/securitycraft/redstone_module": {
    "criteria": {
      "has_iron": "2024-07-25 07:09:11 +0000"
    },
    "done": true
  },
  "walkietalkie:recipes/golden_walkietalkie": {
    "criteria": {
      "has_redstone": "2024-07-25 09:01:45 +0000"
    },
    "done": true
  },
  "create:recipes/create.palettes/polished_cut_tuff_stairs_from_stone_types_tuff_stonecutting": {
    "criteria": {
      "has_stone_types_tuff": "2024-07-25 11:15:34 +0000"
    },
    "done": true
  },
  "create:recipes/create.palettes/polished_cut_diorite_wall": {
    "criteria": {
      "has_polished_cut_diorite": "2024-07-25 07:55:19 +0000"
    },
    "done": true
  },
  "minecraft:recipes/building_blocks/light_blue_concrete_powder": {
    "criteria": {
      "has_gravel": "2024-07-25 07:20:58 +0000"
    },
    "done": true
  },
  "minecraft:recipes/building_blocks/deepslate_tiles_from_cobbled_deepslate_stonecutting": {
    "criteria": {
      "has_cobbled_deepslate": "2024-07-25 11:10:41 +0000"
    },
    "done": true
  },
  "neoncraft2:recipes/wallneon_letter_x_white_craft": {
    "criteria": {
      "has_ingredient": "2024-07-25 06:32:16 +0000"
    },
    "done": true
  },
  "incendium:technical/using/shield": {
    "criteria": {
      "log_spam_fixer": "2024-07-25 06:32:17 +0000"
    },
    "done": false
  },
  "securitycraft:recipes/securitycraft/keypad_item": {
    "criteria": {
      "has_stone_button": "2024-07-25 08:28:29 +0000"
    },
    "done": true
  },
  "walkietalkie:recipes/iron_walkietalkie": {
    "criteria": {
      "has_redstone": "2024-07-25 09:01:45 +0000"
    },
    "done": true
  },
  "neoncraft2:recipes/wallneon_letter_y_white_craft": {
    "criteria": {
      "has_ingredient": "2024-07-25 06:32:16 +0000"
    },
    "done": true
  },
  "chiselsandbits:recipes/chiselsandbits/wrench": {
    "criteria": {
      "has_p": "2024-07-26 09:36:11 +0000"
    },
    "done": true
  },
  "neoncraft2:recipes/wallneon_letter_z_white_craft": {
    "criteria": {
      "has_ingredient": "2024-07-25 06:32:16 +0000"
    },
    "done": true
  },
  "minecraft:recipes/combat/iron_helmet": {
    "criteria": {
      "has_iron_ingot": "2024-07-25 07:09:11 +0000"
    },
    "done": true
  },
  "minecraft:recipes/food/cooked_chicken_from_smoking": {
    "criteria": {
      "has_chicken": "2024-07-26 03:31:57 +0000"
    },
    "done": true
  },
  "minecraft:recipes/building_blocks/purple_concrete_powder": {
    "criteria": {
      "has_gravel": "2024-07-25 07:20:58 +0000"
    },
    "done": true
  },
  "create:recipes/create.palettes/cut_deepslate_slab_from_stone_types_deepslate_stonecutting": {
    "criteria": {
      "has_stone_types_deepslate": "2024-07-25 11:10:45 +0000"
    },
    "done": true
  },
  "connectedglass:recipes/connectedglass/clear_glass_red1": {
    "criteria": {
      "recipe_condition": "2024-07-25 13:36:04 +0000"
    },
    "done": true
  },
  "minecraft:recipes/combat/diamond_chestplate": {
    "criteria": {
      "has_diamond": "2024-07-25 11:18:43 +0000"
    },
    "done": true
  },
  "minecraft:story/mine_stone": {
    "criteria": {
      "get_stone": "2024-07-25 07:19:55 +0000"
    },
    "done": true
  },
  "securitycraft:recipes/securitycraft/reinforced_green_stained_glass_pane_from_glass": {
    "criteria": {
      "has_glass": "2024-07-25 08:11:31 +0000"
    },
    "done": true
  },
  "create:recipes/create.palettes/cut_diorite_wall_from_stone_types_diorite_stonecutting": {
    "criteria": {
      "has_stone_types_diorite": "2024-07-25 07:55:19 +0000"
    },
    "done": true
  },
  "minecraft:recipes/redstone/target": {
    "criteria": {
      "has_redstone": "2024-07-25 09:01:45 +0000"
    },
    "done": true
  },
  "minecraft:recipes/transportation/minecart": {
    "criteria": {
      "has_iron_ingot": "2024-07-25 07:09:11 +0000"
    },
    "done": true
  },
  "minecraft:recipes/decorations/furnace": {
    "criteria": {
      "has_cobblestone": "2024-07-25 07:19:55 +0000"
    },
    "done": true
  },
  "connectedglass:recipes/connectedglass/borderless_glass_pink2": {
    "criteria": {
      "recipe_condition1": "2024-07-25 08:11:31 +0000"
    },
    "done": true
  },
  "securitycraft:recipes/securitycraft/reinforced_gray_stained_glass_pane_from_glass": {
    "criteria": {
      "has_glass": "2024-07-25 08:11:31 +0000"
    },
    "done": true
  },
  "neoncraft2:recipes/wallneon_letter_b_white_craft": {
    "criteria": {
      "has_ingredient": "2024-07-25 06:32:16 +0000"
    },
    "done": true
  },
  "minecraft:recipes/tools/iron_hoe": {
    "criteria": {
      "has_iron_ingot": "2024-07-25 07:09:11 +0000"
    },
    "done": true
  },
  "securitycraft:recipes/securitycraft/reinforced_gray_stained_glass_pane_from_dye": {
    "criteria": {
      "has_glass": "2024-07-25 08:11:31 +0000"
    },
    "done": true
  },
  "minecraft:recipes/building_blocks/cobbled_deepslate_stairs": {
    "criteria": {
      "has_cobbled_deepslate": "2024-07-25 11:10:41 +0000"
    },
    "done": true
  },
  "neoncraft2:recipes/wallneon_number_9_white_craft": {
    "criteria": {
      "has_ingredient": "2024-07-25 06:32:16 +0000"
    },
    "done": true
  },
  "neoncraft2:recipes/wallneon_number_5_white_craft": {
    "criteria": {
      "has_ingredient": "2024-07-25 06:32:16 +0000"
    },
    "done": true
  },
  "minecraft:recipes/building_blocks/stone_brick_slab": {
    "criteria": {
      "has_stone_bricks": "2024-07-25 07:13:27 +0000"
    },
    "done": true
  },
  "minecraft:recipes/redstone/redstone_torch": {
    "criteria": {
      "has_redstone": "2024-07-25 09:01:45 +0000"
    },
    "done": true
  },
  "minecraft:husbandry/root": {
    "criteria": {
      "consumed_item": "2024-07-25 11:07:52 +0000"
    },
    "done": true
  },
  "neoncraft2:recipes/wallneon_letter_d_white_craft": {
    "criteria": {
      "has_ingredient": "2024-07-25 06:32:16 +0000"
    },
    "done": true
  },
  "mcwfences:recipes/nether": {
    "criteria": {
      "has_nether_brick": "2024-07-25 06:32:16 +0000"
    },
    "done": true
  },
  "minecraft:recipes/transportation/birch_boat": {
    "criteria": {
      "in_water": "2024-07-25 06:44:45 +0000"
    },
    "done": true
  },
  "minecraft:recipes/misc/gold_ingot_from_blasting_raw_gold": {
    "criteria": {
      "has_raw_gold": "2024-07-25 07:09:58 +0000"
    },
    "done": true
  },
  "securitycraft:recipes/securitycraft/reinforced_brown_stained_glass_pane_from_dye": {
    "criteria": {
      "has_glass": "2024-07-25 08:11:31 +0000"
    },
    "done": true
  },
  "minecraft:recipes/building_blocks/green_concrete_powder": {
    "criteria": {
      "has_gravel": "2024-07-25 07:20:58 +0000"
    },
    "done": true
  },
  "neoncraft2:recipes/wallneon_number_7_white_craft": {
    "criteria": {
      "has_ingredient": "2024-07-25 06:32:16 +0000"
    },
    "done": true
  },
  "minecraft:recipes/building_blocks/cobbled_deepslate_stairs_from_cobbled_deepslate_stonecutting": {
    "criteria": {
      "has_cobbled_deepslate": "2024-07-25 11:10:41 +0000"
    },
    "done": true
  },
  "iammusicplayer:iammusicplayer/listen_to_remote_music": {
    "criteria": {
      "listen_to_remote_music": "2024-07-26 10:42:25 +0000"
    },
    "done": true
  },
  "neoncraft2:recipes/wallneon_letter_f_white_craft": {
    "criteria": {
      "has_ingredient": "2024-07-25 06:32:16 +0000"
    },
    "done": true
  },
  "minecraft:recipes/tools/iron_shovel": {
    "criteria": {
      "has_iron_ingot": "2024-07-25 07:09:11 +0000"
    },
    "done": true
  },
  "create:recipes/create.palettes/small_diorite_bricks_from_stone_types_diorite_stonecutting": {
    "criteria": {
      "has_stone_types_diorite": "2024-07-25 07:55:19 +0000"
    },
    "done": true
  },
  "connectedglass:recipes/connectedglass/clear_glass_gray1": {
    "criteria": {
      "recipe_condition": "2024-07-25 13:28:26 +0000"
    },
    "done": true
  },
  "mcwfences:recipes/crimson": {
    "criteria": {
      "has_crimson": "2024-07-25 06:32:16 +0000"
    },
    "done": true
  },
  "incendium:technical/inventory/firestorm": {
    "criteria": {
      "log_spam_fixer": "2024-07-28 02:41:27 +0000"
    },
    "done": false
  },
  "neoncraft2:recipes/wallneon_letter_h_white_craft": {
    "criteria": {
      "has_ingredient": "2024-07-25 06:32:16 +0000"
    },
    "done": true
  },
  "neoncraft2:recipes/wallneon_number_1_white_craft": {
    "criteria": {
      "has_ingredient": "2024-07-25 06:32:16 +0000"
    },
    "done": true
  },
  "neoncraft2:recipes/wallneon_letter_l_white_craft": {
    "criteria": {
      "has_ingredient": "2024-07-25 06:32:16 +0000"
    },
    "done": true
  },
  "mcwfences:recipes/prismarine": {
    "criteria": {
      "has_qq": "2024-07-25 06:32:16 +0000"
    },
    "done": true
  },
  "neoncraft2:recipes/wallneon_letter_j_white_craft": {
    "criteria": {
      "has_ingredient": "2024-07-25 06:32:16 +0000"
    },
    "done": true
  },
  "neoncraft2:recipes/wallneon_number_3_white_craft": {
    "criteria": {
      "has_ingredient": "2024-07-25 06:32:16 +0000"
    },
    "done": true
  },
  "dramaticdoors:recipes/redstone/tall_iron_door": {
    "criteria": {
      "has_items": "2024-07-25 13:34:30 +0000"
    },
    "done": true
  },
  "farmersdelight:main/root": {
    "criteria": {
      "seeds": "2024-07-25 06:32:16 +0000"
    },
    "done": true
  },
  "minecraft:recipes/tools/stone_hoe": {
    "criteria": {
      "has_cobblestone": "2024-07-25 07:19:55 +0000"
    },
    "done": true
  },
  "chiselsandbits:recipes/chiselsandbits/modification_table": {
    "criteria": {
      "has_s": "2024-07-25 08:38:17 +0000"
    },
    "done": true
  },
  "minecraft:recipes/tools/clock": {
    "criteria": {
      "has_redstone": "2024-07-25 09:01:45 +0000"
    },
    "done": true
  },
  "create:recipes/create.palettes/polished_cut_diorite_from_stone_types_diorite_stonecutting": {
    "criteria": {
      "has_stone_types_diorite": "2024-07-25 07:55:19 +0000"
    },
    "done": true
  },
  "securitycraft:recipes/securitycraft/reinforced_yellow_stained_glass": {
    "criteria": {
      "has_glass": "2024-07-25 08:11:31 +0000"
    },
    "done": true
  },
  "minecraft:recipes/tools/diamond_hoe": {
    "criteria": {
      "has_diamond": "2024-07-25 11:18:43 +0000"
    },
    "done": true
  },
  "minecraft:recipes/tools/diamond_shovel": {
    "criteria": {
      "has_diamond": "2024-07-25 11:18:43 +0000"
    },
    "done": true
  },
  "mcwfences:recipes/quartz": {
    "criteria": {
      "has_qq": "2024-07-25 06:32:16 +0000"
    },
    "done": true
  },
  "create:recipes/create.palettes/crafting/materials/raw_zinc_block": {
    "criteria": {
      "has_item": "2024-07-25 11:13:49 +0000"
    },
    "done": true
  },
  "farmersdelight:recipes/farmersdelight/cooking/dog_food": {
    "criteria": {
      "has_any_ingredient": "2024-07-25 07:00:41 +0000"
    },
    "done": true
  },
  "minecraft:recipes/building_blocks/deepslate": {
    "criteria": {
      "has_cobbled_deepslate": "2024-07-25 11:10:41 +0000"
    },
    "done": true
  },
  "create:recipes/create.palettes/birch_window": {
    "criteria": {
      "has_ingredient": "2024-07-26 09:36:11 +0000"
    },
    "done": true
  },
  "supplementaries:recipes/sign_post_minecraft/birch": {
    "criteria": {
      "has_plank": "2024-07-26 09:36:11 +0000"
    },
    "done": true
  },
  "connectedglass:recipes/connectedglass/borderless_glass_orange2": {
    "criteria": {
      "recipe_condition1": "2024-07-25 08:11:31 +0000"
    },
    "done": true
  },
  "minecraft:recipes/redstone/birch_door": {
    "criteria": {
      "has_planks": "2024-07-26 09:36:11 +0000"
    },
    "done": true
  },
  "create:recipes/create.base/crafting/materials/rose_quartz": {
    "criteria": {
      "has_item": "2024-07-25 09:01:45 +0000"
    },
    "done": true
  },
  "create:root": {
    "criteria": {
      "0": "2024-07-25 06:32:16 +0000"
    },
    "done": true
  },
  "create:recipes/create.palettes/tuff_pillar_from_stone_types_tuff_stonecutting": {
    "criteria": {
      "has_stone_types_tuff": "2024-07-25 11:15:34 +0000"
    },
    "done": true
  },
  "minecraft:recipes/misc/gold_ingot_from_nuggets": {
    "criteria": {
      "has_gold_nugget": "2024-07-25 07:20:42 +0000"
    },
    "done": true
  },
  "chiselsandbits:recipes/chiselsandbits/quill": {
    "criteria": {
      "has_tag_a": "2024-07-26 03:31:57 +0000"
    },
    "done": true
  },
  "minecraft:story/mine_diamond": {
    "criteria": {
      "diamond": "2024-07-25 11:18:43 +0000"
    },
    "done": true
  },
  "minecraft:recipes/combat/diamond_helmet": {
    "criteria": {
      "has_diamond": "2024-07-25 11:18:43 +0000"
    },
    "done": true
  },
  "minecraft:recipes/transportation/oak_boat": {
    "criteria": {
      "in_water": "2024-07-25 06:44:45 +0000"
    },
    "done": true
  },
  "create:recipes/create.palettes/deepslate_pillar_from_stone_types_deepslate_stonecutting": {
    "criteria": {
      "has_stone_types_deepslate": "2024-07-25 11:10:45 +0000"
    },
    "done": true
  },
  "minecraft:recipes/decorations/anvil": {
    "criteria": {
      "has_iron_block": "2024-07-25 08:40:56 +0000"
    },
    "done": true
  },
  "minecraft:recipes/decorations/birch_fence": {
    "criteria": {
      "has_planks": "2024-07-26 09:36:11 +0000"
    },
    "done": true
  },
  "minecraft:recipes/building_blocks/cyan_concrete_powder": {
    "criteria": {
      "has_gravel": "2024-07-25 07:20:58 +0000"
    },
    "done": true
  },
  "minecraft:recipes/building_blocks/stone_brick_stairs": {
    "criteria": {
      "has_stone_bricks": "2024-07-25 07:13:27 +0000"
    },
    "done": true
  },
  "incendium:technical/on_inventory_change": {
    "criteria": {
      "log_spam_fixer": "2024-07-28 02:41:27 +0000"
    },
    "done": false
  },
  "create:recipes/create.palettes/cut_diorite_brick_slab_from_stone_types_diorite_stonecutting": {
    "criteria": {
      "has_stone_types_diorite": "2024-07-25 07:55:19 +0000"
    },
    "done": true
  },
  "securitycraft:recipes/securitycraft/claymore": {
    "criteria": {
      "has_redstone": "2024-07-25 09:01:45 +0000"
    },
    "done": true
  },
  "securitycraft:recipes/securitycraft/keycard_lv2": {
    "criteria": {
      "has_iron": "2024-07-25 07:09:11 +0000"
    },
    "done": true
  },
  "securitycraft:recipes/securitycraft/keycard_lv1": {
    "criteria": {
      "has_iron": "2024-07-25 07:09:11 +0000"
    },
    "done": true
  },
  "securitycraft:recipes/securitycraft/reinforced_cyan_stained_glass": {
    "criteria": {
      "has_glass": "2024-07-25 08:11:31 +0000"
    },
    "done": true
  },
  "minecraft:recipes/building_blocks/stone_bricks_from_stone_stonecutting": {
    "criteria": {
      "has_stone": "2024-07-25 07:12:23 +0000"
    },
    "done": true
  },
  "connectedglass:recipes/connectedglass/borderless_glass_yellow2": {
    "criteria": {
      "recipe_condition1": "2024-07-25 08:11:31 +0000"
    },
    "done": true
  },
  "securitycraft:recipes/securitycraft/bouncing_betty": {
    "criteria": {
      "has_iron": "2024-07-25 07:09:11 +0000"
    },
    "done": true
  },
  "mcwbridges:recipes/rope_birch_bridge": {
    "criteria": {
      "has_planks": "2024-07-26 09:36:11 +0000"
    },
    "done": true
  },
  "cold_sweat:root": {
    "criteria": {
      "requirement": "2024-07-25 06:32:22 +0000"
    },
    "done": true
  },
  "mcwroofs:recipes/stone_bricks": {
    "criteria": {
      "has_planks": "2024-07-25 07:12:23 +0000"
    },
    "done": true
  },
  "minecraft:recipes/tools/diamond_axe": {
    "criteria": {
      "has_diamond": "2024-07-25 11:18:43 +0000"
    },
    "done": true
  },
  "minecraft:recipes/decorations/stone_brick_wall_from_stone_bricks_stonecutting": {
    "criteria": {
      "has_stone_bricks": "2024-07-25 07:13:27 +0000"
    },
    "done": true
  },
  "create:recipes/create.palettes/cut_deepslate_brick_wall_from_stone_types_deepslate_stonecutting": {
    "criteria": {
      "has_stone_types_deepslate": "2024-07-25 11:10:45 +0000"
    },
    "done": true
  },
  "mcwfences:recipes/sandstone": {
    "criteria": {
      "has_sand": "2024-07-25 06:32:16 +0000"
    },
    "done": true
  },
  "minecraft:recipes/building_blocks/bricks": {
    "criteria": {
      "has_brick": "2024-07-25 07:04:58 +0000"
    },
    "done": true
  },
  "minecraft:recipes/misc/coal_from_smelting_coal_ore": {
    "criteria": {
      "has_coal_ore": "2024-07-25 11:02:00 +0000"
    },
    "done": true
  },
  "mcwroofs:recipes/gutters": {
    "criteria": {
      "has_planks": "2024-07-25 07:09:11 +0000"
    },
    "done": true
  },
  "minecraft:recipes/building_blocks/chiseled_stone_bricks_from_stone_bricks_stonecutting": {
    "criteria": {
      "has_stone_bricks": "2024-07-25 07:13:27 +0000"
    },
    "done": true
  },
  "mcwbridges:recipes/iron_bridge_pier": {
    "criteria": {
      "has_planks": "2024-07-25 07:09:11 +0000"
    },
    "done": true
  },
  "create:recipes/create.palettes/layered_diorite_from_stone_types_diorite_stonecutting": {
    "criteria": {
      "has_stone_types_diorite": "2024-07-25 07:55:19 +0000"
    },
    "done": true
  },
  "connectedglass:recipes/connectedglass/clear_glass_blue1": {
    "criteria": {
      "recipe_condition": "2024-07-26 01:20:53 +0000"
    },
    "done": true
  },
  "securitycraft:recipes/securitycraft/reinforced_glass_pane": {
    "criteria": {
      "has_glass": "2024-07-25 08:11:31 +0000"
    },
    "done": true
  },
  "mcwbridges:recipes/pliers": {
    "criteria": {
      "has_planks": "2024-07-25 07:09:11 +0000"
    },
    "done": true
  },
  "securitycraft:recipes/securitycraft/reinforced_brown_stained_glass_pane_from_glass": {
    "criteria": {
      "has_glass": "2024-07-25 08:11:31 +0000"
    },
    "done": true
  },
  "mcwroofs:recipes/cobblestone": {
    "criteria": {
      "has_planks": "2024-07-25 07:19:55 +0000"
    },
    "done": true
  },
  "securitycraft:recipes/securitycraft/keycard_lv4": {
    "criteria": {
      "has_iron": "2024-07-25 07:09:11 +0000"
    },
    "done": true
  },
  "securitycraft:recipes/securitycraft/keycard_lv3": {
    "criteria": {
      "has_iron": "2024-07-25 07:09:11 +0000"
    },
    "done": true
  },
  "securitycraft:recipes/securitycraft/keycard_lv5": {
    "criteria": {
      "has_iron": "2024-07-25 07:09:11 +0000"
    },
    "done": true
  },
  "minecraft:recipes/building_blocks/stone_slab": {
    "criteria": {
      "has_stone": "2024-07-25 07:12:23 +0000"
    },
    "done": true
  },
  "minecraft:recipes/combat/arrow": {
    "criteria": {
      "has_flint": "2024-07-25 11:14:40 +0000"
    },
    "done": true
  },
  "connectedglass:recipes/connectedglass/borderless_glass_red_pane3": {
    "criteria": {
      "recipe_condition": "2024-07-25 13:36:04 +0000"
    },
    "done": true
  },
  "minecraft:recipes/building_blocks/coal_block": {
    "criteria": {
      "has_coal": "2024-07-25 07:09:57 +0000"
    },
    "done": true
  },
  "securitycraft:recipes/securitycraft/reinforced_yellow_stained_glass_pane_from_dye": {
    "criteria": {
      "has_glass": "2024-07-25 08:11:31 +0000"
    },
    "done": true
  },
  "chiselsandbits:recipes/chiselsandbits/chisel_stone": {
    "criteria": {
      "has_ingredient": "2024-07-25 07:12:23 +0000"
    },
    "done": true
  },
  "minecraft:recipes/tools/stone_shovel": {
    "criteria": {
      "has_cobblestone": "2024-07-25 07:19:55 +0000"
    },
    "done": true
  },
  "minecraft:recipes/building_blocks/blue_concrete_powder": {
    "criteria": {
      "has_gravel": "2024-07-25 07:20:58 +0000"
    },
    "done": true
  },
  "farmersdelight:recipes/farmersdelight/cooking/bone_broth": {
    "criteria": {
      "has_bone": "2024-07-25 07:05:28 +0000"
    },
    "done": true
  },
  "decorative_blocks:recipes/decorative_blocks.general/brazier": {
    "criteria": {
      "has_bar": "2024-07-25 08:39:55 +0000"
    },
    "done": true
  },
  "minecraft:recipes/building_blocks/waxed_exposed_cut_copper_slab_from_honeycomb": {
    "criteria": {
      "has_exposed_cut_copper_slab": "2024-07-25 13:21:02 +0000"
    },
    "done": true
  },
  "securitycraft:recipes/securitycraft/universal_block_reinforcer_lvl2": {
    "criteria": {
      "has_redstone": "2024-07-25 09:01:45 +0000"
    },
    "done": true
  },
  "walkietalkie:recipes/diamond_walkietalkie": {
    "criteria": {
      "has_redstone": "2024-07-25 09:01:45 +0000"
    },
    "done": true
  },
  "create:recipes/create.palettes/small_deepslate_brick_slab_from_stone_types_deepslate_stonecutting": {
    "criteria": {
      "has_stone_types_deepslate": "2024-07-25 11:10:45 +0000"
    },
    "done": true
  },
  "securitycraft:recipes/securitycraft/reinforced_andesite": {
    "criteria": {
      "has_cobblestone": "2024-07-25 07:19:55 +0000"
    },
    "done": true
  },
  "securitycraft:recipes/securitycraft/universal_block_reinforcer_lvl1": {
    "criteria": {
      "has_redstone": "2024-07-25 09:01:45 +0000"
    },
    "done": true
  },
  "securitycraft:recipes/securitycraft/universal_block_reinforcer_lvl3": {
    "criteria": {
      "has_redstone": "2024-07-25 09:01:45 +0000"
    },
    "done": true
  },
  "mcwfences:recipes/birch": {
    "criteria": {
      "has_birch": "2024-07-25 06:32:17 +0000"
    },
    "done": true
  },
  "create:recipes/create.palettes/small_deepslate_brick_wall_from_stone_types_deepslate_stonecutting": {
    "criteria": {
      "has_stone_types_deepslate": "2024-07-25 11:10:45 +0000"
    },
    "done": true
  },
  "securitycraft:recipes/securitycraft/reinforced_black_stained_glass": {
    "criteria": {
      "has_glass": "2024-07-25 08:11:31 +0000"
    },
    "done": true
  },
  "croptopia:recipes/chicken_and_rice": {
    "criteria": {
      "has_chicken": "2024-07-26 03:31:56 +0000"
    },
    "done": true
  },
  "decorative_blocks:recipes/decorative_blocks.general/chandelier": {
    "criteria": {
      "has_torch": "2024-07-25 07:25:20 +0000"
    },
    "done": true
  },
  "minecraft:recipes/building_blocks/polished_deepslate_stairs_from_cobbled_deepslate_stonecutting": {
    "criteria": {
      "has_cobbled_deepslate": "2024-07-25 11:10:41 +0000"
    },
    "done": true
  },
  "securitycraft:recipes/securitycraft/laser_block": {
    "criteria": {
      "has_stone": "2024-07-25 07:19:55 +0000"
    },
    "done": true
  },
  "create:recipes/create.palettes/polished_cut_deepslate_wall_from_stone_types_deepslate_stonecutting": {
    "criteria": {
      "has_stone_types_deepslate": "2024-07-25 11:10:45 +0000"
    },
    "done": true
  },
  "walkietalkie:recipes/stone_walkietalkie": {
    "criteria": {
      "has_redstone": "2024-07-25 09:01:45 +0000"
    },
    "done": true
  },
  "create:recipes/create.palettes/cut_deepslate_brick_stairs_from_stone_types_deepslate_stonecutting": {
    "criteria": {
      "has_stone_types_deepslate": "2024-07-25 11:10:45 +0000"
    },
    "done": true
  },
  "create:recipes/create.palettes/polished_cut_diorite_slab_from_stone_types_diorite_stonecutting": {
    "criteria": {
      "has_stone_types_diorite": "2024-07-25 07:55:19 +0000"
    },
    "done": true
  },
  "minecraft:recipes/building_blocks/smooth_quartz_stairs": {
    "criteria": {
      "has_smooth_quartz": "2024-07-25 11:36:47 +0000"
    },
    "done": true
  },
  "chiselsandbits:recipes/chiselsandbits/bit_storage": {
    "criteria": {
      "has_i": "2024-07-25 07:09:11 +0000"
    },
    "done": true
  },
  "decorative_blocks:recipes/decorative_blocks.general/birch_support": {
    "criteria": {
      "has_plank": "2024-07-26 09:36:11 +0000"
    },
    "done": true
  },
  "minecraft:recipes/redstone/dropper": {
    "criteria": {
      "has_redstone": "2024-07-25 09:01:45 +0000"
    },
    "done": true
  },
  "darkerdepths:recipes/misc/silver_ingot_from_copper_block": {
    "criteria": {
      "has_silver_block": "2024-07-25 06:32:16 +0000"
    },
    "done": true
  },
  "darkerdepths:recipes/misc/resin": {
    "criteria": {
      "has_amber": "2024-07-25 06:32:16 +0000"
    },
    "done": true
  },
  "darkerdepths:recipes/misc/rope": {
    "criteria": {
      "has_resin": "2024-07-25 06:32:16 +0000"
    },
    "done": true
  },
  "connectedglass:recipes/connectedglass/borderless_glass_gray_pane3": {
    "criteria": {
      "recipe_condition": "2024-07-25 13:28:26 +0000"
    },
    "done": true
  },
  "minecraft:recipes/brewing/brewing_stand": {
    "criteria": {
      "has_blaze_rod": "2024-07-25 07:03:50 +0000"
    },
    "done": true
  },
  "connectedglass:recipes/connectedglass/borderless_glass_red2": {
    "criteria": {
      "recipe_condition1": "2024-07-25 08:11:31 +0000"
    },
    "done": true
  },
  "mcwlights:recipes/lantern": {
    "criteria": {
      "has_wood": "2024-07-25 07:25:20 +0000"
    },
    "done": true
  },
  "securitycraft:recipes/securitycraft/reinforced_light_gray_stained_glass_pane_from_dye": {
    "criteria": {
      "has_glass": "2024-07-25 08:11:31 +0000"
    },
    "done": true
  },
  "minecraft:recipes/tools/compass": {
    "criteria": {
      "has_redstone": "2024-07-25 09:01:45 +0000"
    },
    "done": true
  },
  "darkerdepths:recipes/misc/silver_ingot": {
    "criteria": {
      "has_silver_ore": "2024-07-25 06:32:16 +0000"
    },
    "done": true
  },
  "cold_sweat:recipes/thermometer": {
    "criteria": {
      "temperature": "2024-07-25 06:32:17 +0000"
    },
    "done": true
  },
  "securitycraft:recipes/securitycraft/reinforced_magenta_stained_glass": {
    "criteria": {
      "has_glass": "2024-07-25 08:11:31 +0000"
    },
    "done": true
  },
  "create:recipes/create.palettes/tiled_glass_from_glass_colorless_stonecutting": {
    "criteria": {
      "has_glass_colorless": "2024-07-25 08:11:31 +0000"
    },
    "done": true
  },
  "minecraft:nether/obtain_blaze_rod": {
    "criteria": {
      "blaze_rod": "2024-07-25 07:03:50 +0000"
    },
    "done": true
  },
  "create:recipes/create.palettes/small_tuff_bricks_from_stone_types_tuff_stonecutting": {
    "criteria": {
      "has_stone_types_tuff": "2024-07-25 11:15:34 +0000"
    },
    "done": true
  },
  "securitycraft:recipes/securitycraft/reinforced_pink_stained_glass": {
    "criteria": {
      "has_glass": "2024-07-25 08:11:31 +0000"
    },
    "done": true
  },
  "neoncraft2:recipes/wallneon_letter_a_white_craft": {
    "criteria": {
      "has_ingredient": "2024-07-25 06:32:16 +0000"
    },
    "done": true
  },
  "create:recipes/create.palettes/cut_diorite_bricks_from_stone_types_diorite_stonecutting": {
    "criteria": {
      "has_stone_types_diorite": "2024-07-25 07:55:19 +0000"
    },
    "done": true
  },
  "create:recipes/create.palettes/cut_deepslate_wall_from_stone_types_deepslate_stonecutting": {
    "criteria": {
      "has_stone_types_deepslate": "2024-07-25 11:10:45 +0000"
    },
    "done": true
  },
  "mcwlights:recipes/torches": {
    "criteria": {
      "has_wood": "2024-07-25 07:09:57 +0000"
    },
    "done": true
  },
  "decorative_blocks:recipes/decorations/torch_from_chandelier": {
    "criteria": {
      "has_torch": "2024-07-25 07:25:20 +0000"
    },
    "done": true
  },
  "minecraft:recipes/building_blocks/smooth_quartz_stairs_from_smooth_quartz_stonecutting": {
    "criteria": {
      "has_smooth_quartz": "2024-07-25 11:36:47 +0000"
    },
    "done": true
  },
  "minecraft:recipes/redstone/iron_door": {
    "criteria": {
      "has_iron_ingot": "2024-07-25 07:09:11 +0000"
    },
    "done": true
  },
  "securitycraft:recipes/securitycraft/reinforced_purple_stained_glass": {
    "criteria": {
      "has_glass": "2024-07-25 08:11:31 +0000"
    },
    "done": true
  },
  "neoncraft2:recipes/wallneon_letter_e_white_craft": {
    "criteria": {
      "has_ingredient": "2024-07-25 06:32:16 +0000"
    },
    "done": true
  },
  "minecraft:recipes/decorations/composter": {
    "criteria": {
      "has_wood_slab": "2024-07-25 08:38:17 +0000"
    },
    "done": true
  },
  "cold_sweat:extreme_temps": {
    "criteria": {
      "requirement": "2024-07-25 06:32:17 +0000"
    },
    "done": true
  },
  "chiselsandbits:recipes/chiselsandbits/magnifying_glass": {
    "criteria": {
      "has_g": "2024-07-25 08:11:31 +0000"
    },
    "done": true
  },
  "minecraft:recipes/misc/copper_ingot_from_smelting_raw_copper": {
    "criteria": {
      "has_raw_copper": "2024-07-25 11:14:45 +0000"
    },
    "done": true
  },
  "create:recipes/create.palettes/diorite_pillar_from_stone_types_diorite_stonecutting": {
    "criteria": {
      "has_stone_types_diorite": "2024-07-25 07:55:19 +0000"
    },
    "done": true
  },
  "neoncraft2:recipes/wallneon_number_6_white_craft": {
    "criteria": {
      "has_ingredient": "2024-07-25 06:32:17 +0000"
    },
    "done": true
  },
  "incendium:technical/new_player": {
    "criteria": {
      "requirement": "2024-07-25 06:32:22 +0000"
    },
    "done": true
  },
  "croptopia:recipes/croptopia.croptopia/cooking_pot": {
    "criteria": {
      "has_iron": "2024-07-25 07:09:11 +0000"
    },
    "done": true
  },
  "neoncraft2:recipes/wallneon_letter_m_white_craft": {
    "criteria": {
      "has_ingredient": "2024-07-25 06:32:16 +0000"
    },
    "done": true
  },
  "neoncraft2:recipes/wallneon_number_2_white_craft": {
    "criteria": {
      "has_ingredient": "2024-07-25 06:32:17 +0000"
    },
    "done": true
  },
  "securitycraft:recipes/securitycraft/reinforced_pink_stained_glass_pane_from_dye": {
    "criteria": {
      "has_glass": "2024-07-25 08:11:31 +0000"
    },
    "done": true
  },
  "farmersdelight:recipes/farmersdelight/diamond_knife": {
    "criteria": {
      "has_diamond": "2024-07-25 11:18:43 +0000"
    },
    "done": true
  },
  "securitycraft:recipes/securitycraft/reinforced_lime_stained_glass_pane_from_dye": {
    "criteria": {
      "has_glass": "2024-07-25 08:11:31 +0000"
    },
    "done": true
  },
  "minecraft:recipes/transportation/jungle_boat": {
    "criteria": {
      "in_water": "2024-07-25 06:44:45 +0000"
    },
    "done": true
  },
  "neoncraft2:recipes/wallneon_letter_i_white_craft": {
    "criteria": {
      "has_ingredient": "2024-07-25 06:32:16 +0000"
    },
    "done": true
  },
  "minecraft:nether/netherite_armor": {
    "criteria": {
      "netherite_armor": "2024-07-25 11:12:50 +0000"
    },
    "done": true
  },
  "mcwfences:recipes/acacia": {
    "criteria": {
      "has_acacia": "2024-07-25 06:32:17 +0000"
    },
    "done": true
  },
  "securitycraft:recipes/securitycraft/mine": {
    "criteria": {
      "has_iron": "2024-07-25 07:09:11 +0000"
    },
    "done": true
  },
  "minecraft:recipes/decorations/stone_brick_walls_from_stone_stonecutting": {
    "criteria": {
      "has_stone": "2024-07-25 07:12:23 +0000"
    },
    "done": true
  },
  "minecraft:recipes/misc/iron_ingot_from_iron_block": {
    "criteria": {
      "has_iron_block": "2024-07-25 08:40:56 +0000"
    },
    "done": true
  },
  "minecraft:recipes/building_blocks/birch_stairs": {
    "criteria": {
      "has_planks": "2024-07-26 09:36:11 +0000"
    },
    "done": true
  },
  "decorative_blocks:recipes/decorative_blocks.general/stone_pillar": {
    "criteria": {
      "has_stone": "2024-07-25 07:12:23 +0000"
    },
    "done": true
  },
  "mcwbridges:recipes/stone_brick_bridge": {
    "criteria": {
      "has_planks": "2024-07-25 07:13:27 +0000"
    },
    "done": true
  },
  "connectedglass:recipes/connectedglass/clear_glass1": {
    "criteria": {
      "recipe_condition": "2024-07-25 08:11:31 +0000"
    },
    "done": true
  },
  "darkerdepths:recipes/darkerdepths/silver_ingot": {
    "criteria": {
      "has_the_recipe": "2024-07-25 06:32:16 +0000"
    },
    "done": true
  },
  "minecraft:recipes/redstone/heavy_weighted_pressure_plate": {
    "criteria": {
      "has_iron_ingot": "2024-07-25 07:09:11 +0000"
    },
    "done": true
  },
  "connectedglass:recipes/connectedglass/clear_glass_lime1": {
    "criteria": {
      "recipe_condition": "2024-07-25 13:33:11 +0000"
    },
    "done": true
  },
  "incendium:technical/on_kill": {
    "criteria": {
      "log_spam_fixer": "2024-07-28 02:41:27 +0000"
    },
    "done": false
  },
  "minecraft:recipes/transportation/dark_oak_boat": {
    "criteria": {
      "in_water": "2024-07-25 06:44:45 +0000"
    },
    "done": true
  },
  "incendium:technical/on_player_hurt": {
    "criteria": {
      "log_spam_fixer": "2024-07-28 02:41:27 +0000"
    },
    "done": false
  },
  "connectedglass:recipes/connectedglass/borderless_glass_magenta2": {
    "criteria": {
      "recipe_condition1": "2024-07-25 08:11:31 +0000"
    },
    "done": true
  },
  "mcwlights:recipes/lava_lamp": {
    "criteria": {
      "has_wood": "2024-07-25 07:09:11 +0000"
    },
    "done": true
  },
  "connectedglass:recipes/connectedglass/borderless_glass_black2": {
    "criteria": {
      "recipe_condition1": "2024-07-25 08:11:31 +0000"
    },
    "done": true
  },
  "securitycraft:recipes/securitycraft/reinforced_white_stained_glass": {
    "criteria": {
      "has_glass": "2024-07-25 08:11:31 +0000"
    },
    "done": true
  },
  "minecraft:recipes/misc/mojang_banner_pattern": {
    "criteria": {
      "has_enchanted_golden_apple": "2024-07-26 01:04:07 +0000"
    },
    "done": true
  },
  "minecraft:recipes/redstone/birch_trapdoor": {
    "criteria": {
      "has_planks": "2024-07-26 09:36:11 +0000"
    },
    "done": true
  },
  "securitycraft:recipes/securitycraft/briefcase": {
    "criteria": {
      "has_iron": "2024-07-25 07:09:11 +0000"
    },
    "done": true
  },
  "minecraft:recipes/redstone/piston": {
    "criteria": {
      "has_redstone": "2024-07-25 09:01:45 +0000"
    },
    "done": true
  },
  "minecraft:recipes/building_blocks/stone_stairs": {
    "criteria": {
      "has_stone": "2024-07-25 07:12:23 +0000"
    },
    "done": true
  },
  "create:recipes/create.base/crafting/logistics/pulse_extender": {
    "criteria": {
      "has_item": "2024-07-25 09:01:45 +0000"
    },
    "done": true
  },
  "mcwlights:recipes/garden_light": {
    "criteria": {
      "has_wood": "2024-07-25 07:09:11 +0000"
    },
    "done": true
  },
  "minecraft:recipes/combat/diamond_boots": {
    "criteria": {
      "has_diamond": "2024-07-25 11:18:43 +0000"
    },
    "done": true
  },
  "connectedglass:recipes/connectedglass/borderless_glass_lime_pane3": {
    "criteria": {
      "recipe_condition": "2024-07-25 13:33:11 +0000"
    },
    "done": true
  },
  "securitycraft:recipes/securitycraft/reinforced_fence_gate": {
    "criteria": {
      "has_iron": "2024-07-25 07:09:11 +0000"
    },
    "done": true
  },
  "minecraft:story/smelt_iron": {
    "criteria": {
      "iron": "2024-07-25 07:09:11 +0000"
    },
    "done": true
  },
  "darkerdepths:recipes/darkerdepths/rope": {
    "criteria": {
      "has_the_recipe": "2024-07-25 06:32:16 +0000"
    },
    "done": true
  },
  "darkerdepths:recipes/misc/silver_ingot_from_blasting": {
    "criteria": {
      "has_silver_ore": "2024-07-25 06:32:16 +0000"
    },
    "done": true
  },
  "mcwbridges:recipes/bridge_lantern": {
    "criteria": {
      "has_planks": "2024-07-25 07:09:57 +0000"
    },
    "done": true
  },
  "DataVersion": 2975
}